stop_id,stop_name,stop_lat,stop_lon
100002,Legislature Exch,48.41974,-123.36901
100003,Legislature Exch Bay D,48.41915,-123.36896
100004,Legislature Exch Bay F,48.4183,-123.36936
100006,Legislature Exch Bay E,48.41827,-123.36807
100008,Superior St at Menzies St,48.41827,-123.37282
100009,Hwy 17 at Elk Lake Dr,48.51371,-123.38442
100010,Douglas St at Courtney St,48.42274,-123.36575
100011,Menzies St at Superior St,48.41785,-123.37265
100012,Douglas St at Blanshard St,48.41923,-123.36589
100013,Menzies St at Michigan St,48.41717,-123.37282
100014,Gordon Head Rd at Arbutus Rd,48.47934,-123.30763
100016,Sooke Rd at Brownsey Blvd,48.37834,-123.72201
100017,Burdett Ave at Douglas St,48.42205,-123.36546
100018,5200 Blk Sooke Rd,48.38903,-123.64285
100019,Douglas St at Courtney St,48.42273,-123.36597
100021,Superior St at Oswego St,48.4194,-123.37605
100022,Menzies St at Michigan St,48.41661,-123.37335
100024,Fairfield Rd at Blanshard St Bay B,48.42124,-123.36353
100025,Fairfield Rd at Blanshard St Bay A,48.42189,-123.36409
100028,Fort St at Wharf St,48.42499,-123.36924
100029,Legislature Exch Bay C,48.41897,-123.36896
100030,Oswego St at Michigan St,48.41874,-123.37713
100031,Menzies St at Toronto St,48.41556,-123.37371
100032,Douglas St at Fort St,48.42437,-123.36532
100033,Fort St at Douglas St,48.4245,-123.36458
100034,Douglas St at Fort St,48.42496,-123.36535
100035,Fairfield Rd at Quadra St,48.42021,-123.36075
100036,Menzies St at Simcoe St,48.41497,-123.37449
100037,Douglas St at Avalon Rd,48.41487,-123.36631
100039,Fairfield Rd at Quadra St,48.42019,-123.36101
100042,Douglas St at View St,48.42555,-123.36518
100044,Oswego St at St James St,48.41706,-123.37896
100045,Fort St at Blanshard St,48.42417,-123.36183
100046,Douglas St at Simcoe St,48.41358,-123.36728
100047,Wharf St at Yates St,48.42709,-123.3705
100048,Yates St at Douglas St,48.42644,-123.36571
100049,Niagara St at Menzies St,48.41369,-123.37523
100050,Government St at Johnson St,48.42723,-123.36724
100051,Douglas St at Johnson St,48.42671,-123.36467
100052,Niagara St at Menzies St,48.41358,-123.37529
100053,Johnson St at Wharf St,48.42775,-123.3697
100054,Niagara St at Clarence St,48.41299,-123.37375
100055,Johnson St at Broad St,48.42725,-123.36563
100056,Fairfield Rd at Vancouver St,48.41836,-123.35866
100058,Niagara St at Clarence St,48.41282,-123.37367
100061,Gorge Rd W at Millgrove St,48.44675,-123.39554
100062,Vancouver St at Collinson St,48.41889,-123.35822
100063,Johnson St at Douglas St,48.42705,-123.36398
100064,Fort St at Quadra St,48.42389,-123.35922
100065,Niagara St at Government St,48.41224,-123.37211
100067,Otter Point Rd at Butler Rd,48.39484,-123.77279
100068,Yates St at Quadra St,48.42589,-123.36054
100069,Quadra St at View St,48.42442,-123.35951
100071,University Dr at Ring Rd,48.45977,-123.31452
100072,Niagara St at Government St,48.41193,-123.37181
100073,Fairfield Rd at Vancouver St,48.41838,-123.35801
100075,Richardson St at Vancouver St,48.41996,-123.35749
100076,Douglas St at Pandora Ave,48.42771,-123.36446
100077,Pandora Ave at Store St,48.4286,-123.36812
100078,Douglas St at Beacon St,48.41126,-123.36859
100079,Johnson St at Blanshard St,48.42673,-123.36127
100080,Douglas St at Beacon St,48.41197,-123.36802
100082,Douglas St at Pandora Ave,48.42868,-123.36458
100084,Pandora Ave at Blanshard St,48.42791,-123.36247
100085,Quadra St at Johnson St,48.42615,-123.35908
100086,Erie St at Dallas Rd - Fisherman's Wharf,48.42158,-123.38331
100089,Oswego St at Dallas Rd,48.41451,-123.38168
100090,Niagara St at Douglas St,48.41063,-123.36899
100091,Fairfield Rd at Cook St,48.41816,-123.35623
100092,Fairfield Rd at Cook St,48.41801,-123.35576
100093,Johnson St at Quadra St,48.42646,-123.35862
100094,Richardson St at Cook St,48.41974,-123.35546
100095,Cook St at Fairfield Rd,48.41825,-123.35541
100096,Cook St at Richardson St,48.41943,-123.35514
100097,Esquimalt Rd at Tyee Rd,48.42882,-123.37797
100099,Esquimalt Rd at Tyee Rd,48.42865,-123.37801
100100,Cook St at Fairfield Rd,48.41836,-123.35519
100102,Cook St at Southgate St,48.41605,-123.35597
100105,Cook St at Richardson St,48.41986,-123.35483
100106,Yates St at Vancouver St,48.42551,-123.35716
100108,E Sooke Rd at Llanilar Rd,48.36642,-123.68406
100109,Richardson St at Cook St,48.41952,-123.35444
100110,Dallas Rd at Simcoe St,48.42112,-123.38553
100111,Dallas Rd at Niagara St,48.41863,-123.3854
100112,Cook St at Rockland Ave,48.42189,-123.35452
100113,Cook St at Southgate St,48.41613,-123.35572
100115,Cook St at Pandora Ave,48.42697,-123.35341
100116,Dallas Rd at Montreal St,48.41664,-123.38509
100117,Cook St at Oliphant Ave,48.41401,-123.35689
100118,Quadra St at Pandora Ave,48.42789,-123.35891
100120,Cook St at Oxford St,48.41437,-123.35649
100121,Cook St at Rockland Ave,48.42231,-123.3542
100122,Cook St at Fort St,48.42309,-123.35422
100125,Johnson St at Vancouver St,48.42618,-123.35591
100126,Fort St at Cook St,48.42328,-123.35337
100128,Cook St at Fort St,48.42361,-123.35392
100129,Pandora Ave at Quadra St,48.42753,-123.35817
100130,May St at Cook St,48.41225,-123.35709
100131,May St at Cook St,48.41212,-123.35695
100132,Douglas St at Discovery St,48.43232,-123.3647
100133,Quadra St at Balmoral Rd,48.42924,-123.35873
100134,Esquimalt Rd at Sitkum Rd,48.43013,-123.38048
100136,Metchosin Rd at Kenning Crt,48.41456,-123.48329
100137,Fairfield Rd at Linden Ave,48.41711,-123.35249
100138,Richardson St at Linden Ave,48.41936,-123.35185
100139,Richardson St at Linden Ave,48.41917,-123.35118
100141,Fairfield Rd at Linden Ave,48.41674,-123.35186
100144,Cook St at Johnson St,48.42623,-123.35331
100145,Quadra St at Caledonia Ave,48.43054,-123.35876
100146,Douglas St at Discovery St,48.43218,-123.36449
100147,Quadra St at Caledonia Ave,48.43103,-123.35851
100148,Esquimalt Rd at Catherine St,48.43047,-123.38525
100149,Tyee Rd at Wilson St,48.43109,-123.37873
100151,Wilson St at Tyee Rd,48.43148,-123.3793
100152,Bay St at Wilson St,48.43262,-123.38278
100153,Fort St at Linden Ave,48.42294,-123.35025
100154,Metchosin Rd at Kenning Crt,48.41394,-123.48358
100155,May St at Linden Ave,48.41188,-123.35373
100156,May St at Linden Ave,48.41181,-123.354
100157,Swartz Bay Ferry Terminal Bay B,48.68788,-123.41223
100158,Westhills Exch (Langford Pky) Bay F,48.44501,-123.53375
100159,Johnson St at Chambers St,48.42559,-123.35024
100160,Cook St at Balmoral Rd,48.42873,-123.35301
100161,Esquimalt Rd at Catherine St,48.43032,-123.38311
100162,Fairfield Rd at Moss St,48.41555,-123.34939
100163,May St at Wellington Ave,48.41155,-123.35156
100165,Yates St at Ormond St,48.42468,-123.34889
100166,Quadra St at Princess Ave,48.43283,-123.35846
100167,Richardson St at Moss St,48.41878,-123.34758
100168,Linden Ave at Faithful St,48.40976,-123.35381
100169,Pandora Ave at Chambers St,48.42714,-123.35007
100170,Bay St at Turner St,48.43484,-123.37541
100171,Quadra St at Princess Ave,48.43342,-123.35819
100172,Cook St at Caledonia Ave,48.43023,-123.35301
100173,Wilson St at Bay St,48.43281,-123.38275
100174,Richardson St at Moss St,48.41887,-123.34713
100175,Bay St at Turner St,48.43507,-123.3749
100176,Wilson St at Bay St,48.43294,-123.38282
100177,Douglas St at Bay St,48.4353,-123.36533
100178,Douglas St at Bay St,48.43469,-123.36477
100179,Cook St at Caledonia Ave,48.4307,-123.35273
100180,Bay St at Rock Bay Ave,48.43582,-123.36935
100181,Johnson St at Camosun St,48.42546,-123.34788
100182,Tyee Rd at Bay St,48.43424,-123.38119
100183,Bay St at Rock Bay Ave,48.43592,-123.36848
100184,May St at Moss St,48.41147,-123.35013
100185,Bay St at Douglas St,48.4358,-123.366
100186,Tyee Rd at Bay St,48.43413,-123.38135
100188,Wilson St at Mary St,48.43282,-123.38556
100189,Wilson St at Mary St,48.43295,-123.3858
100190,May St at Moss St,48.41131,-123.34942
100191,Yates St at Fernwood Rd,48.42461,-123.34628
100192,Dallas Rd at Wellington Ave,48.40717,-123.35368
100193,Quadra St at Bay St,48.43503,-123.35816
100194,Fernwood Rd at Yates St,48.42408,-123.34548
100195,Douglas St at Gorge Rd E / Hillside Ave,48.43868,-123.36729
100196,Cook St at Princess Ave,48.43256,-123.35272
100197,Esquimalt Rd at Maitland St,48.43062,-123.38981
100198,Douglas St at Kings Rd,48.43707,-123.36611
100199,Richardson St at Kipling St,48.41662,-123.34442
100200,May St at Olive St,48.41126,-123.34805
100201,May St at Joseph St,48.41114,-123.34785
100202,Richardson St at Kipling St,48.41675,-123.34437
100203,Fernwood Rd at Johnson St,48.42577,-123.34536
100204,Esquimalt Rd at Maitland St,48.43085,-123.39026
100205,Fairfield Rd at Kipling St,48.414,-123.34565
100206,Cook St at Princess Ave,48.43302,-123.35245
100207,Fernwood Rd at Johnson St,48.42585,-123.34554
100208,Quadra St at Bay St,48.43558,-123.358
100209,Pandora Ave at Fernwood Rd,48.42692,-123.34588
100210,Fairfield Rd at Kipling St,48.41368,-123.34553
100211,Johnson St at Fernwood Rd,48.4254,-123.34499
100212,Fort St at Elford St,48.42494,-123.34131
100213,George St at Moss St,48.40818,-123.35031
100214,Fernwood Rd at Pandora Ave,48.42722,-123.34526
100215,Skinner St at Catherine St,48.43552,-123.38442
100218,Gorge Rd E at Government St,48.43855,-123.36811
100219,Skinner St at Catherine St,48.43566,-123.38535
100221,Moss St at Dallas Rd,48.40635,-123.35114
100222,May St at Eberts St,48.41091,-123.34585
100223,Gorge Rd E at Government St,48.43875,-123.36821
100224,Fort St at Stanley Ave,48.42461,-123.34276
100225,Wilson St at Dalton St,48.43253,-123.39122
100226,Cook St at Bay St,48.4346,-123.35245
100227,Fernwood Rd at Grant St,48.42887,-123.34519
100228,Johnson St at Stanley Ave,48.42585,-123.34319
100229,Wilson St at Dalton St,48.43267,-123.39122
100230,Bushby St at Joseph St,48.40836,-123.34788
100231,Esquimalt Rd at Barnard Ave,48.43131,-123.39323
100232,Eberts St at Bushby St,48.40911,-123.34669
100233,Quadra St at Kings Rd,48.43767,-123.35881
100234,Quadra St at Kings Rd,48.43791,-123.35863
100235,Cook St at Bay St,48.43522,-123.35218
100236,Fairfield Rd at Memorial Cres,48.41231,-123.34341
100237,Hillside Ave at Blanshard St,48.43897,-123.36241
100238,Memorial Cres at May St,48.41155,-123.34387
100241,Fairfield Rd at Memorial Cres,48.41215,-123.34342
100242,Esquimalt Rd at Dominion Rd,48.43176,-123.39407
100243,Memorial Cres at Fairfield Rd,48.41182,-123.34345
100244,Richardson St at Arnold Ave,48.41639,-123.3412
100245,Fernwood Rd at Gladstone St,48.43067,-123.34505
100247,Strandlund Ave at Peatt Rd,48.45566,-123.49629
100248,Pandora Ave at Begbie St,48.4268,-123.34216
100249,Richardson St at Stannard Ave,48.41619,-123.34043
100250,Cook St at Haultain St,48.43615,-123.35229
100251,Dunsmuir Rd at Esquimalt Rd,48.43167,-123.39477
100252,Dunsmuir Rd at Garrett Pl,48.4303,-123.39619
100253,Fernwood Rd at Pembroke St,48.43154,-123.34505
100254,Gorge Rd E at Garbally Rd,48.44032,-123.37273
100256,Gorge Rd E at Garbally Rd,48.44033,-123.37229
100257,Quadra St at Hillside Ave,48.43911,-123.35921
100258,Begbie St at Elford St,48.4276,-123.34124
100259,Dunsmuir Rd at Garrett Pl,48.4302,-123.39678
100260,Cook St at Haultain St,48.43672,-123.35202
100261,Hillside Ave at Quadra St,48.43946,-123.35976
100262,Pandora Ave at Elford St,48.42657,-123.34085
100263,Old Esquimalt Rd at Viewfield Rd,48.43288,-123.39449
100264,Fernwood Rd at Pembroke St,48.43221,-123.34519
100265,Begbie St at Elford St,48.42755,-123.34091
100266,Hillside Ave at Quadra St,48.43948,-123.35818
100267,Head St at Paradise St,48.42805,-123.39907
100268,Head St at Paradise St,48.4279,-123.39929
100269,Fairfield Rd at Arnold Ave,48.41207,-123.34105
100270,Gore St at Lyall St,48.42649,-123.40021
100271,Quadra St at Hillside Ave,48.44006,-123.35926
100272,Old Esquimalt Rd at Viewfield Rd,48.43302,-123.39497
100273,Craigflower Rd at Pine St,48.43695,-123.38859
100274,Gore St at Lyall St,48.42648,-123.40052
100275,Dunsmuir Rd at Head St,48.42932,-123.39874
100276,800 Blk Esquimalt Rd,48.43185,-123.39704
100277,Dunsmuir Rd at Head St,48.42929,-123.39921
100278,Hillside Ave at Graham St,48.4398,-123.35683
100279,Fairfield Rd at Stannard Ave,48.41222,-123.33997
100280,Hillside Ave at Graham St,48.43978,-123.35603
100281,Craigflower Rd at Pine St,48.43742,-123.38883
100283,800 Blk Esquimalt Rd,48.43153,-123.39794
100284,Richardson St at St Charles St,48.41624,-123.33807
100285,Fernwood Rd at Bay St,48.43426,-123.34511
100290,Burnside Rd E at Dunedin St,48.44204,-123.36957
100291,Douglas St at Burnside Rd E,48.44226,-123.36932
100292,Burnside Rd E at Douglas St,48.44219,-123.36956
100293,Richardson St at St Charles St,48.41617,-123.3371
100294,Fort St at Pandora Ave,48.42627,-123.3378
100295,Douglas St at Summit Ave,48.44259,-123.36911
100296,Pandora Ave at Fort St,48.42648,-123.33782
100297,Gorge Rd E at Jutland Rd,48.44238,-123.37763
100298,Hillside Ave at Blackwood St,48.44013,-123.35434
100299,Esquimalt Rd at Head St,48.43063,-123.40032
100300,Jutland Rd at Gorge Rd E,48.44263,-123.37566
100301,Hillside Ave at Blackwood St,48.4401,-123.35348
100303,Fairfield Rd at St Charles St,48.41228,-123.33767
100305,Old Esquimalt Rd at Aldebury St,48.43291,-123.39924
100307,Esquimalt Rd at Head St,48.43041,-123.40112
100308,Old Esquimalt Rd at Aldebury St,48.43302,-123.39915
100309,Cook St at Hillside Ave,48.44008,-123.35195
100310,Craigflower Rd at Alderman Rd,48.43869,-123.39097
100311,Hillside Ave at Cook St,48.44035,-123.35255
100312,Oak Bay Ave at Fort St,48.42648,-123.33599
100313,Fairfield Rd at St Charles St,48.41217,-123.33685
100314,Lyall St at MacAulay St,48.42671,-123.40397
100315,Quadra St at Topaz Ave,48.44284,-123.36006
100317,Oak Bay Ave at Fort St,48.42656,-123.33629
100318,Craigflower Rd at Alderman Rd,48.43906,-123.39163
100319,Jutland Rd at Burnside Rd E,48.44366,-123.37487
100320,Fort St at Oak Bay Ave,48.42703,-123.33579
100321,Begbie St at Vining St,48.42909,-123.33661
100322,Hillside Ave at Cook St,48.44041,-123.35121
100323,Burnside Rd E at Jutland Rd,48.44387,-123.37335
100324,Lyall St at MacAulay St,48.42693,-123.40482
100327,Esquimalt Rd at MacAulay St,48.42906,-123.40406
100328,Finlayson St at Burnside Rd E,48.44424,-123.37337
100329,Cook St at Hillside Ave,48.44067,-123.35138
100330,Begbie St at Vining St,48.42945,-123.336
100332,Ross St at St Charles St,48.41095,-123.33596
100333,Quadra St at Summit Ave,48.44365,-123.3605
100335,Ross St at St Charles St,48.4108,-123.33587
100336,Hillside Ave at Higgins St,48.44083,-123.34973
100337,Hillside Ave at Higgins St,48.44084,-123.34878
100338,Craigflower Rd at Dominion Rd,48.43955,-123.39348
100339,Finlayson St at Douglas St,48.44488,-123.37165
100340,Fairfield Rd at Lillian Rd,48.4132,-123.3342
100342,Old Esquimalt Rd at Head St,48.43294,-123.40244
100343,Finlayson St at Douglas St,48.44507,-123.36984
100344,Quadra St at Summit Ave,48.44425,-123.36046
100345,Fairfield Rd at Lillian Rd,48.41313,-123.33407
100346,Burnside Rd E at Finlayson St,48.44501,-123.37541
100347,Douglas St at Finlayson St,48.44449,-123.37065
100349,Carey Rd at Ravine Way - Uptown,48.45564,-123.37698
100351,Fort St at Fern St,48.4281,-123.33405
100353,Lyall St at Lampson St,48.4271,-123.40698
100354,Cook St at Vista Hts,48.44204,-123.35002
100355,Legislature Exch Bay B,48.41882,-123.36897
100356,Cook St at Higgins St,48.44195,-123.34986
100357,Richardson St at Richmond Ave,48.41756,-123.33183
100358,Douglas St at Finlayson St,48.44558,-123.37084
100359,Finlayson St at Blanshard St,48.44553,-123.3677
100360,Ross St at Wildwood Ave,48.41093,-123.33425
100361,Oak Bay Ave at Rockland Ave,48.4264,-123.33192
100362,Burnside Rd E at Napier Lane,48.44545,-123.37663
100364,Lampson St at Wychbury Ave,48.42576,-123.40796
100365,Esquimalt Rd at Lampson St,48.42945,-123.4064
100366,Lampson St at Fernhill Rd,48.43128,-123.40516
100367,Lampson St at Bewdley Ave,48.42377,-123.40854
100370,Lampson St at Wychbury Ave,48.42512,-123.40833
100371,Lampson St at Munro St,48.42202,-123.40908
100372,Lampson St at Old Esquimalt Rd,48.4334,-123.40368
100373,Lampson St at Lyall St,48.42677,-123.40785
100374,Lampson St at Bewdley Ave,48.42314,-123.40894
100375,Richardson St at Richmond Ave,48.41769,-123.33093
100376,Lampson St at Fernhill Rd,48.43109,-123.40569
100377,Ross St at Wildwood Ave,48.4108,-123.33362
100378,Finlayson St at Quadra St,48.44602,-123.36278
100379,Lampson St at Old Esquimalt Rd,48.43388,-123.40371
100380,Burnside Rd E at Alpha St,48.44614,-123.37779
100381,Lampson St at Munro St,48.42176,-123.40938
100382,Oak Bay Ave at Belcher Ave,48.42655,-123.3328
100383,Fairfield Rd at Robertson St,48.41511,-123.33204
100384,Fort St at Leighton Rd,48.42855,-123.3324
100385,Hillside Ave at Cedar Hill Rd,48.44104,-123.34545
100386,Craigflower Rd at Carrie St,48.44011,-123.3954
100387,Esquimalt Rd at Lampson St West Side,48.42975,-123.4075
100388,Craigflower Rd at Carrie St,48.44027,-123.39544
100389,Quadra St at Finlayson St,48.44596,-123.36118
100390,Fairfield Rd at Richmond Ave,48.41529,-123.33095
100392,Finlayson St at Quadra St,48.44622,-123.36217
100393,Richardson St at Gonzales Ave,48.41835,-123.33008
100394,Douglas St at Herald St,48.42996,-123.3644
100396,Hillside Ave at Cedar Hill Rd,48.44125,-123.3447
100397,Oak Bay Ave at Richmond Ave,48.42639,-123.32988
100399,Burnside Rd E at Washington Ave,48.44667,-123.37919
100401,Quadra St at Finlayson St,48.44683,-123.36119
100402,Fort St at Ashgrove St,48.42911,-123.33139
100403,Shelbourne St at Denman St,48.43275,-123.3335
100404,Munro St at Kinver St,48.42173,-123.41097
100405,UVic Exch Bay G,48.46625,-123.30887
100406,Oak Bay Ave at Richmond Ave,48.42653,-123.33066
100407,Richmond Ave at Leighton Rd,48.42814,-123.33033
100408,Lampson St at Wurtele Pl,48.43665,-123.40289
100410,Crescent Rd at Richmond Ave,48.41174,-123.33064
100411,Shelbourne St at Denman St,48.43281,-123.33329
100412,Crescent Rd at Richmond Ave,48.41167,-123.33051
100413,Kiwanis Way at Hipwood Lane,48.44364,-123.34802
100414,Burnside Rd E at Dupplin Rd,48.44724,-123.38003
100415,Munro St at Kinver St,48.42196,-123.41182
100416,Craigflower Rd at Arcadia St,48.44077,-123.39919
100417,Craigflower Rd at Arcadia St,48.44075,-123.39859
100418,Lampson St at Ellery St,48.43758,-123.40225
100419,Lampson St at Colville Rd,48.43855,-123.40212
100420,Cedar Hill Rd at Hipwood Lane,48.44389,-123.34753
100421,Esquimalt Rd at Fernhill Rd,48.42993,-123.41019
100422,Finlayson St at Somerset St,48.44693,-123.35648
100424,Finlayson St at Blackwood St,48.44693,-123.35556
100425,Richardson St at Lawndale Ave,48.41952,-123.32764
100426,Cook St at Summit Ave,48.445,-123.34922
100427,Fort St at Richmond Ave,48.4297,-123.32968
100429,William Head Rd at Pearson College Dr,48.3513,-123.5463
100430,Esquimalt Rd at Fernhill Rd,48.4301,-123.41016
100432,Foul Bay Rd at Fairfield Rd,48.41576,-123.32768
100433,Shelbourne St at Haultain St,48.43548,-123.33381
100434,Richmond Rd at Fort St,48.43011,-123.32989
100435,William Head Rd at Pearson College Dr,48.35133,-123.54625
100436,Foul Bay Rd at Fairfield Rd,48.41586,-123.32749
100438,Fort St at Richmond Rd,48.4299,-123.32957
100439,Foul Bay Rd at Quixote Lane,48.41425,-123.32772
100440,Cedar Hill Rd at Hibberson Cres,48.44477,-123.34692
100441,Richmond Rd at Coronation Ave,48.43136,-123.32979
100442,Hillside Ave at Gosworth Rd,48.44227,-123.34167
100443,Cook St at Mallek Cres,48.44566,-123.34919
100444,Munro St at Plaskett Pl,48.42253,-123.41379
100445,Quadra St at Tolmie Ave,48.44875,-123.36195
100446,Burnside Rd E at Balfour Ave,48.44814,-123.3822
100447,Munro St at Plaskett Pl,48.42235,-123.41384
100448,Hillside Ave at Gosworth Rd,48.4424,-123.34176
100449,Cedar Hill Rd at Delatre St,48.44497,-123.34653
100450,Shelbourne St at Haultain St,48.43649,-123.33356
100451,Richmond Rd at Denman St,48.43197,-123.32941
100452,Burnside Rd E at Eldon Place,48.44866,-123.38281
100453,Oak Bay Ave at Chamberlain St,48.42639,-123.32674
100454,Douglas St at Kelvin Rd,48.44955,-123.37373
100455,Quadra St at Tolmie Ave,48.44932,-123.36171
100456,Douglas St at Cloverdale Ave,48.44986,-123.37353
100457,Craigflower Rd at Lampson St,48.44157,-123.40129
100458,Oak Bay Ave at Davie St,48.42653,-123.32655
100459,Gorge Rd W at Wascana St,48.44525,-123.39299
100460,Crescent Rd at Foul Bay Rd,48.41209,-123.32709
100461,Shelbourne St at Kings Rd,48.43757,-123.33374
100462,Gorge Rd W at Wascana St,48.44572,-123.3934
100463,Craigflower Rd at Lampson St,48.44141,-123.40132
100464,Colville Rd at MacLeod Ave,48.4387,-123.4054
100465,William Head Rd at Sandgate Rd,48.35326,-123.5473
100466,Colville Rd at MacLeod Ave,48.43881,-123.40544
100467,Fraser St at Wychbury Ave,48.42654,-123.41442
100468,Richmond Rd at Bay St,48.4334,-123.32935
100469,Fraser St at Juno St,48.42768,-123.41394
100470,Esquimalt Rd at Fraser St,48.43027,-123.41329
100471,Esquimalt Rd at Fraser St,48.43008,-123.41396
100472,Munro St at Fraser St,48.42405,-123.41555
100473,Lyall St at Fraser St,48.42818,-123.41411
100474,Cook St at Finlayson St,48.44748,-123.34982
100475,Foul Bay Rd at Runnymede Ave,48.4188,-123.32458
100476,Tillicum Rd at Craigflower Rd,48.44225,-123.40196
100477,Foul Bay Rd at Runnymede Ave,48.419,-123.3241
100478,Fraser St at Wychbury Ave,48.42615,-123.41483
100479,Richmond Rd at Bay St,48.43406,-123.32901
100481,Fraser St at Bewdley Ave,48.42468,-123.4155
100482,Crescent Rd at Foul Bay Rd,48.41215,-123.32807
100483,Tillicum Rd at Craigflower Rd,48.44131,-123.40245
100485,Shelbourne St at Kings Rd,48.43852,-123.33347
100486,Burnside Rd E at Harriet Rd,48.4492,-123.38427
100487,Finlayson St at Cook St,48.44781,-123.3486
100488,Cook St at Finlayson St,48.44821,-123.34986
100489,Foul Bay Rd at Richardson St,48.42053,-123.32347
100490,Finlayson St at Cook St,48.44789,-123.349
100491,Craigflower Rd at Tillicum Rd,48.44228,-123.40317
100492,Craigflower Rd at Tillicum Rd,48.44251,-123.40404
100493,Foul Bay Rd at Richardson St,48.4206,-123.32333
100495,Harriet Rd at Burnside Rd E,48.44992,-123.38402
100496,5100 Blk Sooke Rd,48.39096,-123.64113
100497,Cedar Hill Rd at Gosworth Rd,48.44659,-123.34499
100498,Fort St at Lee Ave,48.43146,-123.32616
100499,Cedar Hill Rd at Lang St,48.44642,-123.34537
100500,McNeill Ave at Foul Bay Rd,48.42024,-123.32281
100502,Oak Bay Ave at Amphion St,48.42638,-123.32402
100504,McNeill Ave at Foul Bay Rd,48.42037,-123.32294
100505,Hillside Ave at Doncaster Dr,48.44357,-123.33882
100506,Richmond Rd at Haultain St,48.43553,-123.32891
100507,UVic Exch Bay H,48.4664,-123.30866
100508,Metchosin Rd at Happy Valley Rd,48.38102,-123.5302
100510,Bowker St at Monteith St,48.43242,-123.30841
100511,900 Blk Foul Bay Rd,48.42226,-123.32252
100512,Oak Bay Ave at Foul Bay Rd,48.42652,-123.32331
100513,Cook St at Slater St,48.44915,-123.35036
100514,Hillside Ave at Doncaster Dr,48.44384,-123.3377
100515,Fort St at Lee Ave,48.43156,-123.3251
100517,Foul Bay Rd at Oak Bay Ave,48.42576,-123.32277
100518,Richmond Rd at Haultain St,48.43623,-123.32856
100519,Lyall St at Admirals Rd,48.42834,-123.4167
100520,Quadra St at Inverness Rd,48.45154,-123.36108
100521,Crescent Rd at King George Terr,48.41065,-123.32392
100522,Foul Bay Rd at Granite St,48.42539,-123.32231
100523,Burnside Rd W at Albion Rd,48.45037,-123.38628
100524,Colville Rd at Hutchinson Ave,48.43819,-123.41091
100525,Gorge Rd W at Orillia St,48.44733,-123.39717
100526,Esquimalt Rd at Admirals Rd,48.42984,-123.4166
100527,Burnside Rd W at Wascana St,48.45049,-123.38686
100528,Admirals Rd at Lyall St,48.42843,-123.41713
100529,Admirals Rd at Esquimalt Rd,48.42947,-123.4169
100530,Richmond Rd at Kings Rd,48.43755,-123.32848
100531,Shelbourne St at Pearl St,48.44171,-123.33353
100532,Tillicum Rd at Tillicum Bridge,48.44579,-123.40049
100533,Foul Bay Rd at Leighton Rd,48.42858,-123.32275
100534,Boleskine Rd at Whittier Ave,48.4521,-123.38056
100535,Boleskine Rd at Douglas St,48.4526,-123.37623
100536,Oak Bay Ave at Foul Bay Rd,48.4264,-123.32177
100537,Colville Rd at Hutchinson Ave,48.43836,-123.41083
100538,Harriet Rd at Hampton Rd,48.45194,-123.38207
100539,Tillicum Rd at Tillicum Bridge,48.44546,-123.40094
100540,Quadra St at Holmes St,48.45232,-123.3606
100541,Finlayson St at Cedar Hill Rd,48.4483,-123.34482
100542,Boleskine Rd at Douglas St,48.45274,-123.3764
100543,Admirals Rd at Esquimalt Rd,48.43049,-123.41703
100544,Richmond Rd at Kings Rd,48.43773,-123.32824
100545,Esquimalt Rd at Admirals Rd,48.42994,-123.41754
100546,Foul Bay Rd at Milton St,48.42922,-123.32252
100547,Quimper St Loop,48.40892,-123.3234
100548,Finlayson St at Cedar Hill Rd,48.44845,-123.34493
100549,Shelbourne St at Pearl St,48.44224,-123.33334
100550,Foul Bay Rd at Bourchier St,48.42995,-123.32263
100551,Douglas St at Boleskine Rd - Uptown,48.45316,-123.37587
100552,McNeill Ave at Falkland Rd,48.42033,-123.32049
100553,Maplewood Rd at Tolmie Ave,48.45056,-123.3505
100554,Douglas St at Saanich Rd - Uptown,48.45337,-123.37558
100556,Foul Bay Rd at Goldsmith St,48.43078,-123.32239
100557,Cedar Hill Rd at Finlayson St,48.44905,-123.34361
100558,McNeill Ave at Falkland Rd,48.42017,-123.31945
100559,Foul Bay Rd at Fort St,48.43176,-123.32255
100561,Fort St at Foul Bay Rd,48.43215,-123.32293
100562,Gorge Rd W at Tillicum Rd,48.44766,-123.39921
100563,Cedar Hill Rd at North Dairy Rd,48.44927,-123.34313
100564,Saanich Rd at Oak St - Uptown,48.4535,-123.37463
100565,Richmond Rd at Newton St,48.43913,-123.32797
100566,Hillside Ave at Shakespeare St,48.44482,-123.33521
100567,Colville Rd at Intervale Ave,48.43795,-123.4135
100568,Richmond Rd at Newton St,48.43924,-123.32814
100569,Gorge Rd W at Tillicum Rd,48.4478,-123.39944
100570,Admirals Rd at Naden Way,48.43345,-123.41735
100571,Saanich Rd at Oak St - Uptown,48.45394,-123.37459
100572,Burnside Rd W at Millgrove St,48.45177,-123.38935
100573,Cadboro Bay Rd at Foul Bay Rd,48.43225,-123.32166
100574,Oak Bay Ave at Elgin Rd,48.42659,-123.31962
100575,Foul Bay Rd at Cadboro Bay Rd,48.4328,-123.3223
100576,Tillicum Rd at Gorge Rd W,48.44829,-123.39977
100577,Shelbourne St at Myrtle Ave,48.44398,-123.33328
100578,Maplewood Rd at Cook St,48.45187,-123.3509
100579,Colville Rd at Veterans Dr,48.43795,-123.4147
100580,Admirals Rd at Naden Way,48.4338,-123.41785
100581,Tillicum Rd at Gorge Rd W,48.44804,-123.40031
100582,Victoria Ave at Windsor Rd,48.42179,-123.31841
100583,Victoria Ave at McNeill Ave,48.42061,-123.31835
100584,North Dairy Rd at Wetherby Rd,48.44831,-123.34009
100585,Craigflower Rd at Esquimalt Gorge Park,48.44415,-123.40742
100586,Craigflower Rd at Esquimalt Gorge Park,48.44418,-123.40722
100587,Burnside Rd W at Millgrove St,48.45173,-123.38892
100588,Oak Bay Ave at Yale St,48.42645,-123.31856
100589,Victoria Ave at Pentland Rd,48.41957,-123.31773
100590,Shelbourne St at Hillside Ave,48.4451,-123.33344
100591,Victoria Ave at Central Ave,48.41709,-123.31787
100593,Saanich Rd at Blanshard St - Uptown,48.45497,-123.37295
100594,Esquimalt Rd at Sturdee St,48.42967,-123.42083
100595,Hillside Ave at Shelbourne St,48.44533,-123.33448
100596,Richmond Rd at Allenby St,48.44106,-123.32774
100597,Esquimalt Rd at Foster St,48.42967,-123.42204
100598,Tillicum Rd at Obed Ave,48.44973,-123.39839
100599,Quadra St at Cook St,48.45434,-123.35988
100600,Saanich Rd at Vernon Ave,48.45532,-123.37155
100601,Tillicum Rd at Obed Ave,48.45028,-123.39748
100602,Foul Bay Rd at Haultain St,48.43546,-123.32237
100603,Maplewood Rd at Oakmount Rd,48.45298,-123.35046
100604,Obed Ave at Tillicum Rd,48.45026,-123.39832
100605,Foul Bay Rd at Haultain St,48.43565,-123.32217
100606,Richmond Rd at Allenby St,48.44152,-123.32747
100608,Obed Ave at Tillicum Rd,48.45005,-123.39823
100610,North Dairy Rd at Keats St,48.44827,-123.33728
100611,North Dairy Rd at Keats St,48.44814,-123.3368
100612,Hillside Centre,48.44737,-123.33548
100613,Colville Rd at Flag Dr,48.43759,-123.41685
100614,Quadra St at Cloverdale Ave,48.4552,-123.35977
100615,Shelbourne St at Hillside Ave,48.44619,-123.33316
100616,Cadboro Bay Rd at Cranmore Rd,48.43272,-123.3185
100617,Gorge Rd W at Gorge View Dr,48.4487,-123.40361
100618,Lansdowne Rd at Shelbourne St,48.44584,-123.33265
100619,Tillicum Rd at Arena Rd,48.45155,-123.39635
100620,Burnside Rd W at Albina St,48.45311,-123.39152
100621,Admirals Rd at Colville Rd,48.43707,-123.41812
100622,Oak Bay Ave at Wilmot Pl,48.42645,-123.31703
100623,Burnside Rd W at Albina St,48.45315,-123.39202
100624,Admirals Rd at Colville Rd,48.43703,-123.4186
100625,Foul Bay Rd at Kings Rd,48.43738,-123.32229
100626,Foul Bay Rd at Kings Rd,48.43756,-123.32208
100627,Cedar Hill Rd at McRae Ave,48.45097,-123.3409
100628,Tillicum Rd at Maddock Ave W,48.45223,-123.39527
100629,Windsor Rd at Hampshire Rd,48.42198,-123.31563
100630,Maplewood Rd at Camrose Cres,48.45409,-123.35069
100631,Cedar Hill Rd at Doncaster Dr,48.45064,-123.34159
100632,Oak Bay Ave at Hampshire Rd,48.42657,-123.31573
100633,Central Ave at Monterey Ave,48.41666,-123.31526
100634,Craigflower Rd at Forshaw Rd,48.44543,-123.40975
100635,Esquimalt Rd at Grafton St,48.42936,-123.42345
100636,Shelbourne St at Hillside Centre,48.44677,-123.33345
100637,North Dairy Rd at Browning St,48.44825,-123.3347
100638,Colville Rd at Admirals Rd,48.43755,-123.4187
100639,Cadboro Bay Rd at Epworth St,48.43255,-123.32012
100641,Lansdowne Rd at Aldridge St,48.44625,-123.33053
100642,Vernon Ave at Saanich Rd,48.4565,-123.3713
100643,Saanich Rd at Darwin Ave,48.45704,-123.36965
100644,Craigflower Rd at Forshaw Rd,48.44559,-123.41045
100645,Saanich Rd at Darwin Ave,48.45705,-123.36937
100646,Richmond Rd at Forrester St,48.44406,-123.32709
100647,Quadra St at Tattersall Dr,48.45786,-123.36003
100648,Tillicum Rd at Tillicum Centre,48.45333,-123.39435
100649,Obed Ave at Bodega Rd,48.45129,-123.40062
100650,Blanshard St at Ravine Way - Uptown,48.45701,-123.37602
100651,Canteen Rd at Esquimalt Rd,48.4289,-123.42462
100652,Richmond Rd at Forrester St,48.44396,-123.32691
100653,Lansdowne Rd at Richmond Rd,48.44608,-123.32717
100654,Windsor Rd at Monterey Ave,48.42197,-123.3139
100655,Quadra St at Tattersall Dr,48.45827,-123.35988
100656,Shelbourne St at North Dairy Rd,48.44843,-123.33312
100657,Oak Bay Ave at Monterey Ave,48.42641,-123.31459
100659,Foul Bay Rd at Townley St,48.44006,-123.32217
100661,Maplewood Rd at Derby Rd,48.45565,-123.35083
100662,Burnside Rd W at Tillicum Rd,48.45462,-123.39358
100664,Cadboro Bay Rd at Eastdowne Rd,48.43357,-123.3171
100665,Foul Bay Rd at Townley St,48.44053,-123.32193
100668,Obed Ave at Bodega Rd,48.45165,-123.40109
100669,Monterey Ave at Woodlawn Cres,48.4285,-123.31393
100670,Burnside Rd W at Tillicum Rd,48.45516,-123.39353
100671,Tillicum Centre - Lower Level,48.45429,-123.3964
100673,Cadboro Bay Rd at Eastdowne Rd,48.43346,-123.31591
100674,Monterey Ave at Woodlawn Cres,48.42849,-123.31413
100676,Cedar Hill Rd at Oak Crest Dr,48.45298,-123.34013
100677,Cedar Hill Rd at Oak Crest Dr,48.45315,-123.34025
100678,Richmond Rd at Watson St,48.44554,-123.32677
100679,Vernon Ave at Ravine Way,48.45895,-123.37649
100680,Lansdowne Rd at Richmond Rd,48.44622,-123.32717
100681,Foul Bay Rd at Neil St,48.44171,-123.32208
100682,Maplewood Rd at Pike St,48.4566,-123.35099
100683,Craigflower Rd at Garthland Rd,48.4466,-123.4122
100684,Carey Rd at Harriet Rd,48.45834,-123.37926
100685,Shelbourne St at McRae Ave,48.44973,-123.33326
100686,Oak Bay Ave at Oliver St,48.42636,-123.31232
100687,Craigflower Rd at Garthland Rd,48.44653,-123.41238
100688,Maplewood Rd at Pike St,48.45707,-123.35086
100689,Foul Bay Rd at Neil St,48.44222,-123.32183
100690,Windsor Rd at St Patrick St,48.42195,-123.31139
100691,Admirals Rd at Coles St,48.43809,-123.42228
100692,Admirals Rd at Coles St,48.43822,-123.42224
100693,Esquimalt Rd at Lyall St,48.42842,-123.42811
100694,Central Ave at St Patrick St,48.41666,-123.31157
100695,Gorge Rd W at Dysart Rd,48.45016,-123.40912
100697,Shelbourne St at McRae Ave,48.45088,-123.33306
100698,HMC Dockyard Terminal,48.42764,-123.42815
100699,Gorge Rd W at Dysart Rd,48.45018,-123.40874
100700,500 Blk Obed Ave,48.45284,-123.4037
100701,Oak Bay Ave at York Pl,48.42647,-123.31141
100702,Foul Bay Rd at Forrester St,48.44334,-123.32197
100704,500 Blk Obed Ave,48.45284,-123.40337
100707,Cedar Hill Rd at Derby Rd,48.45469,-123.33984
100708,St Ann St at Cranmore Rd,48.43105,-123.31219
100710,Hwy 1 at Tillicum Rd,48.4579,-123.3899
100711,Cedar Hill Rd at Derby Rd,48.45504,-123.33953
100712,Richmond Rd at Lansdowne Rd,48.44731,-123.3262
100713,Quadra St at Rock St,48.45996,-123.36056
100714,Newport Ave at St David St,48.42595,-123.30996
100715,Windsor Rd at Transit Rd,48.42193,-123.30943
100716,Burnside Rd W at Interurban Rd,48.4569,-123.3946
100717,Foul Bay Rd at Mid-Downe Rd,48.44458,-123.32176
100718,Cadboro Bay Rd at Dalhousie St,48.43454,-123.31317
100719,Richmond Rd at Lansdowne Rd,48.44722,-123.32639
100720,St Ann St at Cranmore Rd,48.43152,-123.31168
100721,Central Ave at Transit Rd,48.41664,-123.30924
100722,Saanich Rd at Pendene Pl,48.46072,-123.3691
100724,Saanich Rd at Pendene Pl,48.46107,-123.36902
100725,Foul Bay Rd at Lansdowne Rd,48.44546,-123.32189
100726,Carey Rd at Huxley St,48.45963,-123.38121
100727,Shelbourne St at Knight Ave,48.45293,-123.33321
100729,Carey Rd at Huxley St,48.46026,-123.38175
100731,Shelbourne St at Knight Ave,48.45309,-123.33302
100732,Blenkinsop Rd at Tattersall Dr,48.45909,-123.35101
100733,Admirals Rd at Parklands Dr,48.43933,-123.4247
100734,Newport Ave at Beresford St,48.42543,-123.30887
100735,Obed Ave at Dysart Rd,48.45399,-123.40561
100736,Blenkinsop Rd at Tattersall Dr,48.45922,-123.35082
100737,Cadboro Bay Rd at Tod Rd,48.43588,-123.31289
100739,Cadboro Bay Rd at Woodhouse Rd,48.43662,-123.31304
100741,UVic Exch Bay M,48.46602,-123.30836
100742,Newport Ave at Transit Rd,48.42462,-123.30805
100743,Burnside Rd W at Interurban Rd,48.45821,-123.39495
100744,Cowper St at Dysart Rd,48.45373,-123.407
100745,St Ann St at Bowker Ave,48.43299,-123.31073
100746,Quadra St at Rock St,48.46047,-123.36048
100747,Cadboro Bay Rd at Kinross Ave,48.43727,-123.3128
100748,Bowker Ave at Lulie St,48.43308,-123.31013
100749,Carey Rd at Seaton St,48.46122,-123.38327
100752,Foul Bay Rd at Camosun College,48.44746,-123.32138
100753,Cedar Hill Rd at Rowan St,48.45718,-123.33921
100754,Craigflower Rd at Aral Rd,48.44964,-123.42043
100755,Craigflower Rd at Dellwood Rd,48.44782,-123.41568
100756,Cadboro Bay Rd at Estevan Ave,48.43851,-123.31265
100757,Newport Ave at Windsor Rd,48.42384,-123.3067
100758,Cadboro Bay Rd at Pacific Ave,48.43881,-123.31282
100759,Saanich Rd at Lodge Ave,48.46288,-123.36805
100760,Saanich Rd at Lodge Ave,48.46361,-123.36781
100762,Admirals Rd at Luscombe Pl,48.44042,-123.42619
100763,Foul Bay Rd at Camosun College,48.448,-123.32036
100764,Central Ave at Byng St,48.41655,-123.30633
100765,Newport Ave at Windsor Rd,48.4233,-123.30624
100766,Carey Rd at Seaton St,48.46171,-123.38362
100767,Westhills Exch Bay B,48.44567,-123.53189
100768,Cedar Hill Rd at Rowan St,48.45761,-123.33889
100769,Windsor Rd at Newport Ave,48.42376,-123.30606
100771,Quadra St at Lodge Ave,48.46248,-123.35999
100772,Cowper St at Austin Ave,48.45457,-123.40886
100773,Cadboro Bay Rd at Harlow Dr,48.44005,-123.31269
100774,Cowper St at Austin Ave,48.45441,-123.40888
100776,Admirals Rd at Caroline Rd,48.44043,-123.42583
100777,Cadboro Bay Rd at Harlow Dr,48.44001,-123.31249
100779,Gorge Rd W at Colquitz Ave,48.45146,-123.41521
100780,Carey Rd at Diamond St,48.46239,-123.38479
100782,Quadra St at Palmer Rd,48.46309,-123.35951
100783,Beach Dr at Bowker Ave,48.43217,-123.30686
100784,Richmond Rd at Knight Ave,48.45315,-123.32677
100785,Carey Rd at Tillicum Rd,48.46281,-123.38503
100786,Central Ave at Newport Ave,48.41649,-123.30426
100787,Beach Dr at Bowker Ave,48.43239,-123.3065
100788,Newport Ave at Orchard Ave,48.42163,-123.30401
100789,Blenkinsop Rd at Judge Pl,48.46215,-123.35025
100790,Blenkinsop Rd at Judge Pl,48.46227,-123.35008
100791,800 Blk Newport Ave,48.4183,-123.30381
100792,Cadboro Bay Rd at Dufferin Ave,48.44216,-123.31223
100793,Richmond Rd at Mayfair Dr,48.4539,-123.327
100794,Nottingham Rd at Thompson Ave,48.44133,-123.3119
100795,Craigflower Rd at Aral Rd,48.44916,-123.42007
100796,Newport Ave at McNeill Ave,48.42042,-123.3033
100797,Interurban Rd at Dumeresq St,48.46236,-123.39536
100799,Craigflower Rd at Rankin Rd,48.44838,-123.4174
100800,Oak Bay Marina,48.42368,-123.30293
100801,Beach Dr at Dalhousie St,48.43358,-123.30587
100802,Musgrave St at Thompson Ave,48.43812,-123.30811
100803,Cowper St at Colquitz Ave,48.45564,-123.41131
100805,Burnside Rd W at Rolston Cres,48.46035,-123.39965
100806,Carey Rd at Tillicum Rd,48.4639,-123.38673
100807,Thompson Ave at Musgrave St,48.43814,-123.30848
100808,Mayhew St at Dufferin Ave,48.43984,-123.30936
100809,Cowper St at Colquitz Ave,48.45561,-123.41193
100810,Burnside Rd W at Admirals Rd,48.46063,-123.40028
100811,Shelbourne St at Pear St,48.4583,-123.33311
100813,3600 Blk Cedar Hill Rd,48.46022,-123.33831
100814,Beach Dr at Dalhousie St,48.43438,-123.305
100815,Estevan Ave at Dunlevy St,48.43718,-123.3069
100816,3600 Blk Cedar Hill Rd,48.46017,-123.33813
100817,Hwy 1 at McKenzie Ave,48.45974,-123.4033
100818,Westhills Exch Bay A,48.44576,-123.53214
100819,Admirals Rd at Seenupin Rd,48.44445,-123.42788
100820,Richmond Rd at Cedar Ave,48.45607,-123.3283
100821,Estevan Ave at Dunlevy St,48.43734,-123.30696
100822,Richmond Rd at Cedar Ave,48.45628,-123.3282
100823,Admirals Rd at Seenupin Rd,48.44449,-123.42801
100824,Nottingham Rd at Burdick Ave,48.44211,-123.31031
100826,Foul Bay Rd at University Woods,48.44971,-123.31797
100827,Foul Bay Rd at University Woods,48.44954,-123.31802
100828,Quadra St at Hulford St,48.46569,-123.3612
100829,Shelbourne St at Pear St,48.45906,-123.33289
100831,Saanich Rd at Greenridge Cres,48.46653,-123.36932
100832,Admirals Rd at Hallowell Rd,48.4473,-123.4265
100834,Glanford Ave at McKenzie Ave,48.46627,-123.38791
100835,Blenkinsop Rd at Union Rd,48.46459,-123.35026
100836,Saanich Rd at Greenridge Cres,48.46634,-123.3687
100837,Admirals Rd at Cowper St,48.45622,-123.41362
100838,Estevan Ave at Beach Dr,48.43637,-123.30449
100839,Carey Rd at Glanford Ave,48.46493,-123.38813
100841,Burnside Rd W at McKenzie Ave,48.46183,-123.40181
100842,Veterans Memorial Pky at Langford Pky,48.44099,-123.50256
100843,Burnside Rd W at McKenzie Ave,48.46164,-123.40176
100844,Richmond Rd at Kingsberry Cres,48.45812,-123.32916
100846,Gorge Rd W at Admirals Rd,48.45305,-123.41948
100847,Estevan Ave at Beach Dr,48.43633,-123.30403
100848,Blenkinsop Rd at Union Rd,48.46522,-123.35001
100849,Admirals Rd at Gorge Rd W,48.45374,-123.42001
100850,Uplands Rd at Dewdney Ave,48.4443,-123.30947
100852,Admirals Rd at Murray Dr,48.45497,-123.41775
100853,Quadra St at Reynolds Rd,48.46682,-123.36191
100854,Borden St at Reynolds Rd,48.46693,-123.36025
100855,Interurban Rd at Columbine Way,48.46403,-123.39712
100856,Craigflower Rd at Admirals Rd,48.45057,-123.424
100857,Admirals Rd at Murray Dr,48.45475,-123.41853
100858,UVic Exch Bay L,48.46588,-123.3085
100859,Craigflower Rd at Admirals Rd,48.45077,-123.42409
100860,Interurban Rd at Columbine Way,48.46416,-123.39704
100861,Richmond Rd at Poplar Ave,48.45951,-123.33
100863,Cedar Hill Rd at Cedar Hill X Rd,48.4622,-123.33741
100864,Henderson Rd at Dundrum Rd,48.4513,-123.31601
100865,Carey Rd at Columbine Way,48.46576,-123.39049
100866,Carey Rd at Ralph St,48.46417,-123.38688
100867,Shelbourne St at Cedar Hill X Rd,48.46097,-123.33308
100868,Cedar Hill X Rd at Merriman Dr,48.4642,-123.34239
100869,Richmond Rd at Poplar Ave,48.45972,-123.3299
100870,Nottingham Rd at Dorset Rd,48.44356,-123.3074
100871,UVic Exch Bay O,48.46579,-123.30838
100872,Hwy 17 at McKenzie Ave,48.46744,-123.38214
100873,Carey Rd at Columbine Way,48.46593,-123.39051
100874,Cedar Hill X Rd at Synod Rd,48.46325,-123.33864
100875,Hwy 17 at McKenzie Ave,48.46787,-123.37893
100876,McKenzie Ave at Glanford Ave,48.46692,-123.38683
100877,McKenzie Ave at Hwy 17 West Side,48.46751,-123.38226
100878,UVic Exch Bay P,48.46593,-123.30822
100879,Cedar Hill X Rd at Braefoot Rd,48.46549,-123.34564
100880,Blenkinsop Rd at Cedar Hill X Rd,48.46649,-123.34999
100881,Admirals Walk Shopping Centre,48.44751,-123.42788
100882,McKenzie Ave at Carey Rd,48.46647,-123.39058
100883,McKenzie Ave at Hwy 17 East Side,48.46807,-123.3794
100884,McKenzie Ave at Willowbrook Pl,48.46747,-123.38461
100885,Quadra St at Greenridge Cres,48.46846,-123.36346
100886,Cedar Hill X Rd at Marjean Pl,48.46625,-123.34772
100887,McKenzie Ave at Glanford Ave,48.4669,-123.3892
100888,Shelbourne St at Cedar Hill X Rd,48.46184,-123.33282
100890,McKenzie Ave at Douglas St,48.46845,-123.37844
100891,Saanich Rd at McKenzie Ave,48.4689,-123.37106
100892,Saanich Rd at McKenzie Ave,48.46907,-123.3709
100893,McKenzie Ave at Nelthorpe St,48.46885,-123.37356
100894,Glanford Ave at McKenzie Ave,48.46755,-123.38807
100895,Quadra St at McKenzie Ave South Side,48.46874,-123.36343
100896,Island Hwy at Shoreline Dr,48.45175,-123.42562
100897,Henderson Rd at Kendal Ave,48.45266,-123.31551
100898,Shelbourne St at Broadmead Ave,48.46249,-123.33301
100899,McKenzie Ave at Carey Rd,48.46651,-123.39351
100900,McKenzie Ave at Nelthorpe St,48.46892,-123.37425
100901,Cedar Hill X Rd at Iona Dr,48.46037,-123.32791
100902,Burnside Rd W at Marigold Rd,48.46334,-123.40452
100903,Burnside Rd W at Marigold Rd,48.46342,-123.4044
100904,UVic Exch Bay R,48.4662,-123.30795
100905,Superior St at Oswego St,48.41977,-123.3766
100906,Carey Rd at McKenzie Ave,48.46683,-123.39272
100907,Carey Rd at McKenzie Ave,48.46724,-123.39295
100908,Sunheights Dr at Sun Estates,48.41529,-123.51384
100910,Island Hwy at Glentana Rd,48.45254,-123.42854
100911,Cedar Hill X Rd at Iona Dr,48.46054,-123.32697
100912,Cotswold Rd at Uplands Rd,48.44644,-123.30723
100913,Henderson Rd at Kendal Ave,48.45354,-123.31487
100914,Nottingham Rd at Lansdowne Rd,48.44465,-123.3052
100915,Douglas St at Blackberry Rd,48.46941,-123.37929
100916,Blenkinsop Rd at Cedar Hill X Rd,48.46794,-123.34988
100917,Fifth St at Malaview Ave,48.65634,-123.40041
100918,McKenzie Ave at Quadra St,48.46993,-123.36602
100919,McKenzie Ave at Quadra St,48.47005,-123.36391
100920,Burnside Rd W at Grange Rd,48.46307,-123.40976
100921,Borden St at McKenzie Ave,48.46877,-123.36082
100922,Cedar Hill Rd at Mortimer St,48.4652,-123.3361
100923,Quadra St at McKenzie Ave North Side,48.47045,-123.36505
100924,Interurban Rd at Marigold Rd,48.4664,-123.40127
100925,Quadra St at McKenzie Ave,48.47048,-123.36547
100926,McKenzie Ave at Borden St,48.47041,-123.36072
100927,McKenzie Ave at Borden St,48.4704,-123.36216
100928,Burnside Rd W at Grange Rd,48.46314,-123.41061
100929,Cedar Hill X Rd at Astra Pl,48.47024,-123.35665
100930,Esquimalt Rd at Harbour Rd,48.42813,-123.37534
100931,Shelbourne St at Mortimer St,48.46466,-123.33296
100932,Henderson Rd at Avondale Rd,48.45529,-123.31441
100933,Shelbourne St at Mortimer St,48.46478,-123.33271
100936,Cotswold Rd at Weald Rd,48.4469,-123.30439
100937,Henderson Rd at Avondale Rd,48.45546,-123.31426
100938,Interurban Rd at Marigold Rd,48.46708,-123.40165
100939,Island Hwy at Glentana Rd,48.45271,-123.42892
100940,Glanford Ave at Kenneth St,48.47006,-123.38877
100941,Esquimalt Rd at Harbour Rd,48.4283,-123.37553
100942,Cedar Hill X Rd at Gordon Head Rd,48.46064,-123.32208
100943,Douglas St at Sanctuary Crt,48.47108,-123.381
100944,Cedar Hill X Rd at Gordon Head Rd,48.46049,-123.3217
100946,Superior St at Montreal St,48.42124,-123.37967
100947,Lansdowne Rd at Ripon Rd,48.44442,-123.30117
100948,Cedar Hill Rd at Garnet Rd,48.46666,-123.33593
100949,Burnside Rd W at Heritage Lane,48.46359,-123.41251
100950,Henderson Rd at Frederick Norris Rd,48.45779,-123.31587
100951,Henderson Rd at Frederick Norris Rd,48.45791,-123.31569
100952,Jimmy Rd at Stautw Rd,48.5887,-123.37857
100953,McKenzie Ave at Century Rd,48.47144,-123.35434
100954,Douglas St at Superior St,48.4178,-123.3658
100955,McKenzie Ave at Century Rd,48.47153,-123.35484
100956,Cedar Hill X Rd at Henderson Rd,48.45945,-123.31795
100957,McKenzie Ave at Oakwinds St,48.46858,-123.33937
100958,Carey Rd at Norwood Dr,48.46975,-123.3957
100959,McKenzie Ave at Oakwinds St,48.4688,-123.34023
100960,Cedar Hill X Rd at University Dr,48.4595,-123.31763
100961,Blenkinsop Rd at Lonsdale Pl,48.4714,-123.35093
100962,Helmcken Rd at Camden Ave,48.46794,-123.42515
100963,Carey Rd at Norwood Dr,48.46967,-123.39588
100964,1400 Blk McKenzie Ave,48.46977,-123.34245
100965,Garnet Rd at Cedar Hill Rd,48.46782,-123.33497
100966,McKenzie Ave at Blenkinsop Rd,48.47197,-123.35182
100967,McKenzie Ave at Blenkinsop Rd,48.47187,-123.35065
100968,Midland Rd at Ripon Rd,48.44769,-123.30139
100969,1400 Blk McKenzie Ave,48.47049,-123.34301
100971,McKenzie Ave at Cedar Hill Rd,48.46855,-123.33484
100973,McKenzie Ave at Braefoot Elementary,48.47087,-123.34392
100974,Quadra St at Saanich Rd,48.47345,-123.3706
100975,McKenzie Ave at Braefoot Rd,48.47174,-123.34643
100976,Glanford Ave at Agnes St,48.47198,-123.38934
100977,Quadra St at Saanich Rd,48.47336,-123.37008
100978,Burnside Rd W at Belgrave Rd,48.46518,-123.41534
100979,McKenzie Ave at Braefoot Rd,48.47216,-123.34747
100980,Shelbourne St at McKenzie Ave,48.46803,-123.33286
100981,Glanford Ave at Agnes St,48.47265,-123.3897
100982,McKenzie Ave at Braefoot Elementary,48.47154,-123.34451
100983,Foul Bay Rd at Beaven St,48.41425,-123.32795
100984,Interurban Rd at Edge Pl,48.46945,-123.40377
100986,Lansdowne Rd at Norfolk Rd,48.44451,-123.29698
100987,Interurban Rd at Hyacinth Ave,48.4692,-123.40334
100988,McKenzie Ave at Shelbourne St,48.46852,-123.33207
100989,Burnside Rd W at Wilkinson Rd,48.46548,-123.41634
100990,Wilkinson Rd at Burnside Rd W,48.46561,-123.4159
100991,Ring Rd at Fine Arts Building,48.46192,-123.31606
100992,Wilkinson Rd at Burnside Rd W,48.46636,-123.41512
100993,Burnside Rd W at Wilkinson Rd,48.46549,-123.41718
100994,Shelbourne St at McKenzie Ave,48.46932,-123.33263
100995,Shelbourne St at University Heights,48.47056,-123.33282
100996,Douglas St at Rogers Ave,48.47498,-123.3835
100997,Midland Rd at Beach Dr,48.45196,-123.30133
100998,McKenzie Ave at Shelbourne St East Side,48.46871,-123.33072
100999,McKenzie Ave at Cedarwood St,48.46854,-123.32803
101000,Quadra St at Ambassador Ave,48.47582,-123.373
101002,Island Hwy at Plowright Rd,48.45361,-123.43729
101003,Cedar Hill Rd at Hopesmore Dr,48.47138,-123.33501
101004,Quadra St at Ambassador Ave,48.4765,-123.37361
101005,Beach Dr at Midland Rd,48.45175,-123.29963
101006,Cedar Hill Rd at Hopesmore Dr,48.47126,-123.33477
101007,Stautw Rd at Church Rd,48.58908,-123.38505
101008,Interurban Rd at Grange Rd,48.47164,-123.40546
101009,Carey Rd at Baker St,48.47402,-123.3971
101010,Glanford Ave at Baker St,48.4752,-123.3904
101011,Ring Rd at University Club,48.46369,-123.31635
101012,Carey Rd at Baker St,48.47396,-123.39731
101013,Beach Dr at Lansdowne Rd,48.44648,-123.29437
101014,Glanford Ave at Baker St,48.47535,-123.39028
101015,Wilkinson Rd at Tulip Ave,48.46883,-123.41399
101016,Burnside Rd W at High St,48.46597,-123.42067
101017,Wilkinson Rd at South Valley Dr,48.46778,-123.41413
101018,Beach Dr at Ripon Rd,48.45081,-123.29788
101019,McKenzie Ave at Larchwood Dr,48.46868,-123.32509
101020,McKenzie Ave at Fleet St,48.46854,-123.32363
101021,Beach Dr at Cadboro Bay Rd,48.45447,-123.30087
101022,Interurban Rd at Grange Rd,48.47248,-123.40592
101023,Beach Dr at Humber Rd,48.44888,-123.29475
101024,Beach Dr at Cadboro Bay Rd,48.45462,-123.30066
101025,Helmcken Rd at Werra Rd,48.45994,-123.43307
101026,Helmcken Rd at Midwood Rd,48.45851,-123.43506
101027,Quadra St at Rogers Ave,48.47778,-123.37542
101028,Shelbourne St at Blair Ave,48.47232,-123.33278
101029,Mt Newton X Rd at Sa-Su Rd,48.5911,-123.38472
101030,3900 Blk Wilkinson Rd,48.47073,-123.41224
101031,Helmcken Rd at Parkcrest Dr,48.45987,-123.4334
101032,Helmcken Rd at Gull Rd,48.45848,-123.43547
101033,Burnside Rd W at Eaton Ave,48.4668,-123.42273
101034,Quadra St at Rogers Ave,48.47843,-123.37598
101036,Ring Rd at Bob Wright Centre,48.46177,-123.30836
101037,McKenzie Ave at Gordon Head Rd,48.46847,-123.32104
101038,Burnside Rd W at Eaton Ave,48.46712,-123.42296
101039,Shelbourne St at Blair Ave,48.4732,-123.33249
101040,Glanford Ave at Judah St,48.47732,-123.39081
101041,Blair Ave at Birchwood St,48.47285,-123.33088
101042,Glanford Ave at Judah St,48.47737,-123.39104
101043,McKenzie Ave at Gordon Head Rd,48.4687,-123.32118
101044,Lily Ave at Douglas St,48.47819,-123.38448
101045,Blair Ave at Magdelin St,48.47295,-123.3304
101046,Helmcken Rd at Hwy 1 South Side,48.46333,-123.43117
101047,Lily Ave at Lark Rd,48.47869,-123.38202
101048,McCallum Rd at Costco,48.45915,-123.50282
101049,Cedar Hill Rd at Feltham Rd,48.47485,-123.33531
101050,Island Hwy at Helmcken Rd,48.4556,-123.4405
101051,Helmcken Rd at Island Hwy,48.45642,-123.44049
101052,Helmcken Rd at Hwy 1 South Side,48.4633,-123.43156
101053,Cadboro Bay Rd at Vista Bay Rd,48.45738,-123.30021
101054,Carey Rd at Judah St,48.47661,-123.39872
101055,Hwy 1 at Helmcken Rd,48.46341,-123.43165
101056,Interurban Rd at Meadowview Pl,48.47431,-123.40753
101057,Island Hwy at Helmcken Rd,48.45638,-123.44154
101058,Cadboro Bay Rd at Vista Bay Rd,48.45741,-123.30041
101059,Carey Rd at Roy Rd,48.47696,-123.39909
101060,Cedar Hill Rd at Feltham Rd,48.47537,-123.3355
101061,Interurban Rd at Meadowview Pl,48.47462,-123.40759
101062,Stautw Rd at Pullock Rd,48.59027,-123.38739
101064,Helmcken Rd at Hwy 1 North Side,48.46458,-123.43045
101065,Blair Ave at Carnegie Cres,48.47282,-123.32633
101066,Blair Ave at Carnegie Cres,48.47295,-123.32708
101067,Helmcken Rd at Burnside Rd W,48.46917,-123.42331
101068,Helmcken Rd at Burnside Rd W,48.46825,-123.42471
101069,Helmcken Rd at Hwy 1 North Side,48.46456,-123.43086
101070,Cedar Hill Rd at Mt Douglas X Rd,48.4766,-123.33729
101071,Wilkinson Rd at South Valley Dr,48.47416,-123.41265
101072,Cedar Hill Rd at Mt Douglas X Rd,48.47671,-123.33718
101073,Wilkinson Rd at Helen Rd,48.47381,-123.41284
101074,Shelbourne St at Feltham Rd,48.47566,-123.33282
101076,UVic Exch Bay A,48.46598,-123.30953
101077,Shelbourne St at Feltham Rd,48.47547,-123.33256
101078,Laval Ave at Larchwood Dr,48.47319,-123.32476
101079,Cadboro Bay Rd at Bermuda Pl,48.45926,-123.29968
101080,Watkiss Way at Helmcken Rd,48.46746,-123.4298
101081,Watkiss Way at Helmcken Rd,48.46733,-123.42945
101083,Laval Ave at Larchwood Dr,48.47331,-123.32493
101085,Helmcken Rd at Knockan Dr,48.47262,-123.41848
101086,Quadra St at Beckwith Ave,48.48118,-123.37823
101087,Glanford Ave at Leaside Ave,48.48023,-123.39122
101088,Helmcken Rd at Knockan Dr,48.47208,-123.41897
101089,Quadra St at Beckwith Ave,48.48138,-123.37813
101090,Island Hwy at Jedburgh Rd,48.45777,-123.44363
101091,Island Hwy at Jedburgh Rd,48.45775,-123.44343
101092,Carey Rd at Oakridge Cres,48.47873,-123.39953
101093,Carey Rd at Oakridge Cres,48.4789,-123.39938
101094,Holland Ave at Helmcken Rd,48.47115,-123.42274
101095,Helmcken Rd at Lidgate Crt,48.47428,-123.41555
101096,Holland Ave at Helmcken Rd,48.47118,-123.42255
101097,Wilkinson Rd at Santa Rosa Ave,48.47552,-123.41237
101098,Glanford Ave at Leaside Ave,48.47999,-123.39113
101099,Laval Ave at Loyola St,48.47314,-123.32092
101100,Cadboro Bay Rd at Killarney Rd,48.46013,-123.29856
101102,Shelbourne St at Torquay Dr,48.47768,-123.33395
101103,Shelbourne St at Torquay Dr,48.47754,-123.3336
101104,Wilkinson Rd at Glen Tara Lane,48.47586,-123.41185
101105,Feltham Rd at Larchwood Dr,48.47609,-123.32784
101106,Laval Ave at Loyola St,48.47326,-123.32111
101107,McKenzie Ave at Vikes Way,48.46896,-123.31225
101108,Feltham Rd at Larchwood Dr,48.47596,-123.32802
101110,Laval Ave at Mount Douglas Secondary,48.47219,-123.31767
101113,Laval Ave at Mount Douglas Secondary,48.47231,-123.31707
101116,College Rd at Thetis Cres,48.43671,-123.46123
101118,3900 Blk Holland Ave,48.47293,-123.42239
101119,Victoria General Hospital,48.46623,-123.43502
101120,Glanford Ave at Vanalman Ave,48.48233,-123.38987
101122,Cedar Hill Rd at Cedarglen Rd,48.48011,-123.33992
101123,Feltham Rd at Cabot Pl,48.47598,-123.32525
101124,3900 Blk Holland Ave,48.47291,-123.42219
101125,Belmont Rd at College Rd,48.43726,-123.46187
101127,Langford Pky at Attree Ave,48.44318,-123.50795
101128,Glanford Ave at Vanalman Ave,48.48252,-123.38999
101129,Gordon Head Rd at Laval Ave,48.47254,-123.31525
101130,Shelbourne St at Cedarglen Rd,48.47958,-123.33544
101131,Cedar Hill Rd at Cedarglen Rd,48.48082,-123.33953
101132,Island Hwy at Prince Robert Dr,48.45923,-123.44537
101133,Interurban Rd at Wilkinson Rd,48.47769,-123.41025
101134,Ridgebank Cres at Oakridge Cres,48.48108,-123.39899
101135,Island Hwy at Burnett Rd,48.45926,-123.44513
101136,Interurban Rd at Wilkinson Rd,48.47725,-123.40971
101137,Feltham Rd at Tyndall Ave,48.4761,-123.32366
101138,Ridgebank Cres at Springridge Cres,48.48138,-123.39899
101139,Shelbourne St at Cedarglen Rd,48.4801,-123.33561
101140,Quadra St at Caen Rd,48.48405,-123.38029
101141,Watkiss Way at Erskine Lane,48.46609,-123.43808
101142,Hastings St at Interurban Rd,48.47845,-123.41171
101143,Hospital Way at Watkiss Way,48.46692,-123.43632
101144,Hastings St at Wilkinson Rd,48.4783,-123.41156
101145,Watkiss Way at Hospital Way,48.46768,-123.43601
101146,Quadra St at Caen Rd,48.48449,-123.38056
101147,Watkiss Way at Stoneridge Dr,48.4662,-123.43816
101148,Holland Ave at Blue Ridge Rd,48.47485,-123.42202
101149,Tyndall Ave at Feltham Rd,48.47677,-123.32296
101150,Holland Ave at Blue Ridge Rd,48.47541,-123.42174
101153,Gordon Head Rd at Fairburn Dr,48.47373,-123.3141
101154,Finnerty Rd at Edgelow St,48.46906,-123.3053
101155,Interurban Rd at Dunsterville Ave,48.47925,-123.41144
101156,Watkiss Way at Talcott Rd,48.46483,-123.44168
101157,Finnerty Rd at Edgelow St,48.46936,-123.30469
101158,Interurban Rd at Dunsterville Ave,48.4797,-123.4116
101159,Glanford Ave at Lodi Ave,48.48458,-123.38889
101160,Shelbourne St at Arbordale Ave,48.48175,-123.33656
101161,Vanalman Ave at Ridgebank Cres,48.48334,-123.39636
101162,Vanalman Ave at Ridgebank Cres,48.48322,-123.3965
101163,Watkiss Way at Talcott Rd,48.46462,-123.44391
101164,Quadra St at Chatterton Way,48.48528,-123.38181
101165,Glanford Ave at Enterprise Cres,48.48463,-123.38865
101166,Quadra St at Chatterton Way,48.48576,-123.38213
101167,Cadboro Bay Rd at Cherrilee Cres,48.46102,-123.29195
101168,Shelbourne St at Arbordale Ave,48.48233,-123.33643
101169,Cadboro Bay Rd at Cherrilee Cres,48.46158,-123.29275
101170,Tyndall Ave at San Pedro Ave,48.4783,-123.32313
101171,Hastings St at Santa Anita Ave,48.4792,-123.41539
101173,Belmont Rd at Egerton Cres,48.43881,-123.46555
101174,Gordon Head Rd at Ventura Way,48.47452,-123.31297
101175,4000 Blk Holland Ave,48.47718,-123.4216
101177,Langford Pky at Phipps Rd,48.44223,-123.50389
101178,West Shore Pky at Bombardier Cres,48.44411,-123.53669
101179,4000 Blk Holland Ave,48.47716,-123.42142
101181,Cedar Hill Rd at Kenmore Rd,48.48356,-123.33933
101182,Island Hwy at Kislingbury Lane,48.4602,-123.45033
101183,Island Hwy at Knollwood Rd,48.45974,-123.44919
101184,West Shore Pky at Bombardier Cres,48.44366,-123.53627
101185,West Shore Pky at Commander Crt,48.44193,-123.5356
101186,Cadboro Bay Rd at Dawe Rd,48.45982,-123.28891
101187,Cedar Hill Rd at Kenmore Rd,48.48377,-123.33911
101188,Emily Carr Dr at Maltwood Terr,48.48691,-123.38109
101189,Hastings St at Auldfarm Lane,48.47942,-123.41784
101190,Watkiss Way at Burnside Rd W,48.46448,-123.44531
101191,Glanford Ave at Mann Ave,48.48615,-123.38805
101192,Hastings St at Delmar Ave,48.47932,-123.41815
101193,Arbutus Rd at Queen Alexandra Hospital,48.46958,-123.30126
101195,Cadboro Bay Rd at Dawe Rd,48.45982,-123.28857
101196,Shelbourne St at Kenmore Rd,48.48369,-123.33707
101197,Emily Carr Dr at Chatterton Way,48.48702,-123.38126
101198,Glanford Ave at Mann Ave,48.48629,-123.38776
101199,Vanalman Ave at Parkridge St,48.48494,-123.39841
101200,Vanalman Ave at Parkridge St,48.48524,-123.39826
101201,Arbutus Rd at Haro Rd,48.46791,-123.29819
101202,Arbutus Rd at Queen Alexandra Hospital,48.46968,-123.30108
101203,Gordon Head Rd at Feltham Rd,48.47561,-123.312
101204,Watkiss Way at Burnside Rd W,48.46522,-123.44667
101205,Arbutus Rd at Haro Rd,48.46811,-123.29827
101206,Arbutus Rd at Rowley Rd,48.46678,-123.29618
101207,Kenmore Rd at Shelbourne St,48.48416,-123.33645
101208,Arbutus Rd at Hobbs St,48.46539,-123.29375
101209,Belmont Rd at Kuper Ave,48.44052,-123.46671
101210,Shelbourne St at Kenmore Rd,48.48444,-123.33686
101211,Arbutus Rd at Rowley Rd,48.46686,-123.29604
101212,Kenmore Rd at Columbia Dr,48.48282,-123.33032
101213,Kenmore Rd at Torquay Dr,48.48193,-123.327
101214,Arbutus Rd at Queenswood Dr,48.46599,-123.29452
101215,Holland Ave at Hastings St,48.47932,-123.421
101216,Holland Ave at Hastings St,48.47911,-123.42124
101217,4400 Blk Chatterton Way,48.48841,-123.38304
101218,Kenmore Rd at Columbia Dr,48.48295,-123.33025
101219,Kenmore Rd at Majestic Dr,48.48402,-123.33409
101220,Tyndall Ave at San Pedro Ave,48.47902,-123.32295
101221,Emily Carr Dr at Crownwood Lane,48.48835,-123.37647
101222,Kenmore Rd at Torquay Dr,48.48227,-123.3278
101224,Gordon Head Rd at Lifton Pl,48.47618,-123.31106
101225,Emily Carr Dr at Crownwood Lane,48.48834,-123.37777
101226,Arbutus Rd at Sherwood Rd,48.46362,-123.2905
101227,Watkiss Way at Creed Rd,48.4635,-123.44979
101228,Watkiss Way at Creed Rd,48.4637,-123.44969
101229,Ocean Blvd at Lagoon Rd,48.41686,-123.47265
101230,Telegraph Bay Rd at Seaview Rd,48.46009,-123.28604
101231,Arbutus Rd at Sherwood Rd,48.46372,-123.29037
101232,Colwood Exch Bay A,48.44495,-123.4662
101233,Majestic Dr at Prairie St,48.4846,-123.33319
101234,4400 Blk Chatterton Way,48.48821,-123.38319
101235,Arbutus Rd at Lauder Rd,48.46226,-123.288
101236,Tyndall Ave at Francisco Terrace,48.48158,-123.32241
101238,Tyndall Ave at Kenmore Rd,48.48143,-123.32273
101239,Telegraph Bay Rd at Arbutus Rd,48.46022,-123.28558
101240,Arbutus Rd at Burchett Pl,48.4624,-123.28798
101241,Colwood Exch (Island Hwy) Bay E,48.44588,-123.46652
101242,Emily Carr Dr at Parkwood Terr,48.48963,-123.37296
101243,Emily Carr Dr at Parkwood Terr,48.48957,-123.37277
101244,Arbutus Rd at Lexington Ave,48.47374,-123.30392
101245,Colwood Exch (Island Hwy) Bay F,48.44426,-123.46791
101246,Gordon Head Rd at Greenlands Rd,48.47723,-123.31008
101247,Arbutus Rd at Hollydene Pl,48.4738,-123.30376
101248,Majestic Dr at Prairie St,48.48491,-123.33319
101249,Lagoon Rd at Lanai Lane,48.41851,-123.47535
101250,Shelbourne St at Elnido Rd,48.48635,-123.33763
101251,Island Hwy at Wilfert Rd,48.45257,-123.46278
101252,Watkiss Way at Marler Dr,48.46194,-123.4538
101253,Watkiss Way at Marler Dr,48.46207,-123.45372
101254,Island Hwy at Six Mile Rd,48.45933,-123.45734
101255,Sooke Rd at Goldstream Ave,48.44154,-123.47004
101256,Gordon Head Rd at Greenlands Rd,48.47725,-123.30982
101257,W Saanich Rd at Tri-Eagle Plaza,48.48981,-123.38585
101258,Vanalman Ave at Northridge Cres,48.48744,-123.39786
101259,Vanalman Ave at Northridge Cres,48.4877,-123.39761
101260,Island Hwy at Wilfert Rd,48.45127,-123.46407
101261,Sooke Rd at Goldstream Ave,48.44163,-123.47028
101262,Island Hwy at Six Mile Rd,48.45916,-123.45697
101263,Interurban Rd at Charlton Rd,48.48405,-123.4144
101264,Interurban Rd at Charlton Rd,48.48358,-123.41432
101265,Tyndall Ave at San Juan Ave,48.48273,-123.32196
101267,San Juan Ave at Tyndall Ave,48.48275,-123.32133
101268,Shelbourne St at San Juan Ave,48.48691,-123.33738
101270,College Rd at University Dr,48.43539,-123.47154
101271,Arbutus Rd at Ebony Terr,48.47682,-123.30626
101272,San Juan Ave at Francisco Terrace,48.48163,-123.31723
101273,Lagoon Rd at Goldfinch Rd,48.41909,-123.47661
101274,Tyndall Ave at San Juan Ave,48.48307,-123.32154
101275,Goldstream Ave at Island Hwy,48.44262,-123.47118
101276,Milburn Dr at Hockering Rd,48.4182,-123.47909
101277,San Juan Ave at Chartwell Dr,48.48162,-123.31674
101278,Arbutus Rd at Ferndale Rd,48.47762,-123.30646
101279,Goldstream Ave at Sooke Rd,48.44253,-123.4714
101280,San Juan Ave at Hillcrest Ave,48.48039,-123.31266
101281,Vanalman Ave at Mann Ave,48.48887,-123.3986
101282,San Juan Ave at Hillcrest Ave,48.48082,-123.31372
101283,Vanalman Ave at Mann Ave,48.48883,-123.39873
101284,Watkiss Way at Flury Heights,48.462,-123.45675
101288,San Juan Ave at Gordon Head Rd,48.47948,-123.30917
101289,Six Mile Rd at Island Hwy,48.45739,-123.46207
101290,San Juan Ave at Gordon Head Rd,48.47938,-123.30843
101291,Six Mile Rd at Damon Dr,48.45758,-123.46247
101292,Shelbourne St at Robinwood Dr,48.48898,-123.33807
101293,Interurban Rd at Alan Rd,48.48607,-123.41572
101294,Gordon Head Rd at Arbutus Rd,48.47926,-123.30747
101295,Mann Ave at Wilkinson Rd,48.48952,-123.4006
101296,Milburn Dr at Hatley Dr,48.41943,-123.48068
101297,Emily Carr Dr at Owlwood Pl,48.49241,-123.37227
101298,Mann Ave at Wilkinson Rd,48.48971,-123.40083
101299,Majestic Dr at Hawthorne St,48.4879,-123.33122
101300,Emily Carr Dr at Thistlewood Dr,48.49267,-123.37109
101301,Shelbourne St at Robinwood Dr,48.48935,-123.33778
101302,Interurban Rd at Alan Rd,48.4869,-123.41548
101303,Lagoon Rd at Heatherbell Rd,48.42079,-123.48023
101304,Atkins Ave at Traverse Terr,48.44993,-123.47025
101305,Tyndall Ave at Hillcrest Ave,48.48523,-123.32023
101306,Chatterton Way at Dalewood Lane,48.49305,-123.38399
101307,Atkins Rd at Myra Pl,48.45239,-123.46873
101308,Tyndall Ave at Triest Cres,48.48542,-123.3203
101309,Atkins Rd at Country Terr,48.45003,-123.47042
101310,Sooke Rd at University Dr,48.43998,-123.47663
101311,Atkins Rd at Six Mile Rd,48.45818,-123.4645
101312,Atkins Rd at Myra Pl,48.45255,-123.46896
101313,Chatterton Way at Dalewood Lane,48.49347,-123.3836
101315,Atkins Rd at Six Mile Rd,48.45823,-123.46482
101316,W Saanich Rd at Royal Oak Shopping Ctr,48.49284,-123.38729
101317,Island View Rd at Hwy 17,48.57251,-123.39957
101318,W Saanich Rd at Royal Oak Shopping Ctr,48.4928,-123.38752
101320,Atkins Rd at Anya Lane,48.45646,-123.4674
101321,Emily Carr Dr at Lohbrunner Rd W,48.49442,-123.36794
101322,Atkins Rd at Anya Lane,48.45644,-123.4672
101323,Emily Carr Dr at Lohbrunner Rd W,48.49404,-123.36835
101324,Wilkinson Rd at Lindsay St,48.49119,-123.40058
101325,Sooke Rd at Aldeane Ave,48.43978,-123.47811
101326,Goldstream Ave at Wale Rd,48.44399,-123.47592
101327,Majestic Dr at Wycliffe Pl,48.4898,-123.33028
101328,Wilkinson Rd at Lindsay St,48.49225,-123.39988
101329,Majestic Dr at Wycliffe Pl,48.49012,-123.32987
101330,Goldstream Ave at Wale Rd,48.44358,-123.47505
101331,Gordon Head Rd at Wenman Dr,48.4814,-123.30533
101332,Gordon Head Rd at Sage Lane,48.48141,-123.30508
101333,Chatterton Way at Royal Oak Ave,48.49463,-123.38463
101334,West Shore Pky at Commander Crt,48.44156,-123.53619
101335,Chatterton Way at Royal Oak Ave,48.4947,-123.38443
101336,Benhomer Dr at Metchosin Rd,48.41705,-123.48341
101337,Lagoon Rd at Metchosin Rd,48.42032,-123.48415
101338,Metchosin Rd at Farview Rd,48.4188,-123.48414
101339,Metchosin Rd at Benhomer Dr,48.4179,-123.48382
101340,Lagoon Rd at Wickheim Rd,48.42019,-123.48408
101341,Interurban Rd at Hector Rd,48.48911,-123.41806
101342,Atkins Ave at Selica Rd,48.44765,-123.47696
101343,Benhomer Dr at Swindell Cres,48.4172,-123.48441
101344,Ferndale Rd at Houlihan Pl,48.48368,-123.30581
101345,W Saanich Rd at Elk Lake Dr,48.49569,-123.38928
101346,Majestic Dr at Ash Rd,48.49142,-123.32909
101347,Interurban Rd at Hector Rd,48.48903,-123.41763
101348,Atkins Ave at Selica Rd,48.44755,-123.47745
101349,Ferndale Rd at Houlihan Pl,48.48345,-123.3055
101350,Metchosin Rd at Farview Rd,48.41924,-123.48475
101351,Chatterton Way at Broadmead Village,48.49656,-123.38355
101352,W Saanich Rd at Elk Lake Dr,48.4958,-123.38964
101353,Chatterton Way at Broadmead Village,48.49644,-123.38325
101354,Majestic Dr at Ash Rd,48.49211,-123.32887
101355,Tyndall Ave at Grandview Dr,48.48806,-123.31846
101356,Emily Carr Dr at Rithetwood Dr,48.497,-123.36648
101357,Tyndall Ave at Ash Rd,48.48881,-123.31826
101358,Grandview Dr at Ferndale Rd,48.48503,-123.30732
101359,Grandview Dr at Ferndale Rd,48.48526,-123.30769
101360,Wilkinson Rd at Greenlea Dr,48.49536,-123.39725
101361,Ash Rd at Bissenden Pl,48.49115,-123.32407
101362,Royal Oak Dr at Royal Oak Ave,48.4975,-123.37295
101363,Ash Rd at Torquay Dr,48.4906,-123.32187
101364,Wilkinson Rd at Greenlea Dr,48.49528,-123.39786
101365,Camosun Interurban Loop,48.49054,-123.41874
101366,Chatterton Way at Royal Oak Dr,48.49709,-123.37982
101367,Ash Rd at Bissenden Pl,48.49144,-123.32467
101368,Ash Rd at Torquay Dr,48.49071,-123.32177
101369,Chatterton Way at Royal Oak Dr,48.49714,-123.38005
101370,Royal Oak Dr at Chatterton Way,48.4975,-123.37764
101371,Metchosin Rd at Painter Rd,48.42187,-123.48683
101372,Royal Oak Dr at Royal Oak Ave,48.49774,-123.37395
101373,Six Mile Rd at Thetis Lake,48.4628,-123.46732
101374,Atkins Ave at Crystalview Dr,48.45005,-123.47812
101375,Interurban Rd at Camosun College,48.49069,-123.4193
101376,Metchosin Rd at Painter Rd,48.42147,-123.4868
101377,Atkins Ave at Crystalview Dr,48.44997,-123.47828
101378,Goldstream Ave at Kristina Pl,48.44526,-123.48108
101379,Ferndale Rd at Saltair Cres,48.48633,-123.30789
101380,Goldstream Ave at Kristina Pl,48.44552,-123.48165
101381,Royal Oak Dr at Falaise Cres,48.49804,-123.3806
101382,Royal Oak Dr at Tanglewood Cres,48.49846,-123.36955
101383,Cordova Bay Rd at Ash Rd,48.49584,-123.33605
101384,Emily Carr Dr at Carolwood Pl,48.49844,-123.36608
101385,Benhomer Dr at Tibbitt Cres,48.41781,-123.4875
101386,VI Tech Park Main Entrance,48.49387,-123.40991
101387,Cordova Bay Rd at Ash Rd,48.49589,-123.33586
101388,Metchosin Rd at Terrahue Rd,48.42418,-123.48829
101389,Wilkinson Rd at Travino Lane,48.49725,-123.39488
101390,Ferndale Rd at Saltair Cres,48.4867,-123.30757
101391,Markham St at VI Tech Park,48.49421,-123.4118
101392,Markham St at W Saanich Rd,48.50019,-123.40325
101393,Royal Oak Dr at Tanglewood Cres,48.4987,-123.36937
101394,Markham St at W Saanich Rd,48.50005,-123.40312
101395,Markham St at VI Tech Park,48.49445,-123.41161
101396,Tyndall Ave at Leabrook Pl,48.49042,-123.31711
101397,Wilkinson Rd at Travino Lane,48.49721,-123.39472
101398,Benhomer Dr at Painter Rd,48.41827,-123.48876
101399,W Saanich Rd at Pipeline Rd,48.49776,-123.39222
101401,Royal Oak Exch Bay I,48.49863,-123.38425
101402,Royal Oak Dr at Falaise Dr,48.49871,-123.38214
101403,Markham St at Quick's Bottom Park,48.49701,-123.40493
101404,Emily Carr Dr at Royal Oak Dr,48.49921,-123.36684
101405,Tyndall Ave at Barrie Rd,48.491,-123.31697
101406,Markham St at Quick's Bottom Park,48.49638,-123.40546
101407,Royal Oak Exch Bay H,48.4987,-123.38597
101409,Painter Rd at Benhomer Dr,48.41719,-123.48956
101410,Ferndale Rd at Seawood Terr,48.49112,-123.31543
101411,Interurban Rd at Hughes Rd,48.49164,-123.41977
101412,Royal Oak Dr at W Saanich Rd,48.4985,-123.39315
101413,Royal Oak Dr at Amblewood Dr,48.49992,-123.36712
101416,Royal Oak Exch Bay E,48.49915,-123.38734
101417,Painter Rd at Dressler Rd,48.41705,-123.48985
101418,Royal Oak Dr at Emily Carr Dr,48.49988,-123.36691
101419,Sooke Rd at Acacia Dr,48.43704,-123.4866
101420,Ferndale Rd at Seawood Terr,48.49114,-123.315
101421,Ferndale Rd at Pomona Way,48.49009,-123.3116
101422,Ferndale Rd at Pauls Terr,48.48841,-123.30699
101423,Ferndale Rd at Pauls Terr,48.48832,-123.30721
101425,Sooke Rd at Mount View Ave,48.43672,-123.48745
101426,Ferndale Rd at Whispering Oak Dr,48.49029,-123.31181
101427,Metchosin Rd at Wishart Rd,48.42605,-123.49037
101428,Ferndale Rd at Vantreight Dr,48.48922,-123.30841
101429,Royal Oak Dr at Pipeline Rd,48.49916,-123.39216
101431,Ferndale Rd at Vantreight Dr,48.48937,-123.30845
101433,Wishart Rd at Terrahue Rd,48.42465,-123.49145
101434,Interurban Rd at Conway Rd,48.49349,-123.41965
101435,Interurban Rd at Conway Rd,48.49358,-123.41946
101436,Metchosin Rd at Wishart Rd,48.42721,-123.49157
101437,Sooke Rd at Ledsham Rd,48.43536,-123.48986
101438,Elk Lake Dr at Commonwealth Place,48.50119,-123.38619
101439,Elk Lake Dr at Commonwealth Place,48.50053,-123.38693
101440,Royal Oak Dr at Lochside Dr,48.50135,-123.36261
101441,400 Blk Dressler Rd,48.41645,-123.49252
101442,Atkins Ave at Westwind Dr,48.45001,-123.48435
101443,Sooke Rd at Kelly Rd,48.43546,-123.48996
101444,Wishart Rd at Tipton Ave,48.42197,-123.49297
101445,Metchosin Rd at Laren Rd,48.42787,-123.49259
101446,Royal Oak Dr at Lochside Dr,48.50176,-123.36086
101447,400 Blk Dressler Rd,48.41654,-123.4924
101448,Royal Oak Exch Bay G,48.49887,-123.38696
101449,Markham St at Parking Lot 3,48.49297,-123.41425
101450,Metchosin Rd at Laren Rd,48.42806,-123.49258
101451,Metchosin Rd at Farhill Rd,48.39999,-123.49053
101452,Kelly Rd at Sooke Rd,48.43524,-123.492
101453,Sooke Rd at Heatherly Rd,48.4344,-123.49229
101454,Royal Oak Dr at McMorran Way,48.50256,-123.3594
101455,Metchosin Rd at Farhill Rd,48.40009,-123.4907
101456,Goldstream Ave at Grainger Rd,48.44625,-123.48746
101457,Selwyn Rd at Selwyn Oaks Pl,48.45046,-123.48584
101458,Dressler Rd at Wishart Rd,48.41685,-123.49445
101459,Markham St at Parking Lot 3,48.49302,-123.41469
101460,Kelly Rd at Sooke Rd,48.43528,-123.49267
101461,Interurban Rd at Delmar Pl,48.49521,-123.41938
101462,Selwyn Rd at Selwyn Oaks Pl,48.45041,-123.48602
101463,Sooke Rd at Ridley Dr,48.43427,-123.49308
101464,Wishart Rd at Stornoway Dr,48.41882,-123.49501
101466,Wishart Rd at Webb Pl,48.41791,-123.4951
101467,Goldstream Ave at Grainger Rd,48.44642,-123.48772
101468,Wishart Rd at Cairndale Rd,48.42041,-123.49537
101469,Colwood Exch Bay D,48.44511,-123.46636
101470,Wishart Rd at Rockwood Terr,48.4161,-123.4956
101471,Selwyn Rd at Downhome Dr,48.45242,-123.48604
101472,Royal Oak Dr at Firbank Lane,48.50332,-123.35642
101473,Metchosin Rd at Cedarcrest Dr,48.43078,-123.49489
101474,Wishart Rd at Salton Dr,48.41732,-123.49563
101475,Cordova Bay Rd at Mt Douglas Park,48.50171,-123.34332
101476,Cordova Bay Rd at Mt Douglas Park,48.50253,-123.344
101477,Elk Lake Dr at Marsett Pl,48.50401,-123.38564
101478,Elk Lake Dr at Marsett Pl,48.50331,-123.3859
101479,Metchosin Rd at Sooke Rd,48.43199,-123.49535
101480,Metchosin Rd at Sooke Rd,48.43134,-123.49531
101481,Royal Oak Dr at Blenkinsop Rd,48.50367,-123.35516
101482,Stornoway Dr at Strathdee Pl,48.41858,-123.49641
101483,Cordova Bay Rd at Lavinia Lane,48.5033,-123.34953
101484,Selwyn Rd at Downhome Dr,48.45312,-123.48652
101485,Cordova Bay Rd at Lavinia Lane,48.50344,-123.34958
101486,Kelly Rd at Metchosin Rd,48.43583,-123.49476
101487,Cairndale Rd at Wishart Rd,48.41988,-123.49723
101488,Kelly Rd at Adye Rd,48.43625,-123.49595
101489,West Shore Pky at Ed Nixon Lane,48.45428,-123.54132
101490,Interurban Rd at Viaduct Ave W,48.49852,-123.41944
101491,West Shore Pky at Kettle Lake Dr,48.4537,-123.54171
101492,Selwyn Rd at Mill Hill Rd,48.4557,-123.48668
101493,Interurban Rd at Viaduct Ave W,48.49911,-123.41917
101494,Selwyn Rd at Mill Hill Rd,48.45603,-123.4871
101495,Cairndale Rd at Brenda Lane,48.42035,-123.49924
101496,Wishart Rd at Gurunank Lane,48.41178,-123.49857
101498,Stornoway Dr at Saint Troy Pl,48.41898,-123.49948
101499,Metchosin Rd at Duke Rd E,48.39854,-123.49453
101500,Quayle Rd at Beaver Rd,48.50142,-123.41394
101501,3800 Blk Sooke Rd,48.41133,-123.58589
101502,Duke Rd E at Haystock Rd,48.39712,-123.49547
101503,Beaver Rd at Quayle Rd,48.50162,-123.41384
101504,Metchosin Rd at Duke Rd E,48.39859,-123.49544
101505,Sooke Rd at Lynnlark Pl,48.43168,-123.4989
101506,Duke Rd E at Haystock Rd,48.39682,-123.49574
101507,Goldstream Ave at Veterans Memorial Pky,48.44692,-123.49408
101508,Wishart Rd at Royal Bay Dr,48.4094,-123.49987
101509,Kelly Rd at Pickford Rd,48.43679,-123.49859
101510,Selwyn Rd at Wentwich Rd,48.45669,-123.48888
101511,Latoria Rd at Wishart Rd,48.40649,-123.50116
101512,Cordova Bay Rd at Mysty Woods,48.50616,-123.35539
101513,Goldstream Ave at Veterans Memorial Pky,48.4471,-123.49425
101514,Cordova Bay Rd at Timber Lane,48.50683,-123.35612
101515,Stornoway Dr at Cairndale Rd,48.42099,-123.50159
101516,Veterans Memorial Pky at Goldstream Ave,48.44609,-123.49604
101517,Duke Rd E at Dutnall Rd,48.39361,-123.4957
101518,Selwyn Rd at Wentwich Rd,48.45705,-123.48988
101519,Kelly Rd at Pickford Rd,48.43719,-123.49965
101520,Veterans Memorial Pky at Station Ave,48.44597,-123.49652
101521,Veterans Memorial Pky at Wagar Ave,48.45025,-123.49507
101522,Duke Rd E at Dutnall Rd,48.39306,-123.4961
101523,Cordova Bay Rd at Galey Way,48.50833,-123.35812
101524,Beaver Lake Rd at W Saanich Rd,48.50501,-123.40793
101525,Veterans Memorial Pky at Wagar Ave,48.45042,-123.49546
101526,Quayle Rd at Elk Rd,48.50264,-123.41859
101527,Veterans Memorial Pky at Sooke Rd,48.42804,-123.50235
101528,Quayle Rd at Elk Rd,48.50275,-123.41854
101529,Cordova Bay Rd at Galey Way,48.50851,-123.35811
101530,Veterans Memorial Pky at Sooke Rd,48.43048,-123.50284
101531,Veterans Memorial Pky at Cairndale Rd,48.42191,-123.50381
101532,Cairndale Rd at Veterans Memorial Pky,48.42129,-123.50362
101533,Latoria Rd at Wishart Rd,48.40664,-123.50259
101534,Langford Exch Bay B,48.44546,-123.50503
101535,Veterans Memorial Pky at Marlisa Pl,48.45251,-123.4952
101536,Beaver Lake Rd at W Saanich Rd,48.50513,-123.40803
101537,Duke Rd E at Chapel Heights Dr,48.39097,-123.49701
101538,Elk Lake Dr at Beaver Lake Rd,48.50953,-123.38449
101539,Goldstream Ave at Bryn Maur Rd,48.4481,-123.49741
101540,Elk Lake Dr at Beaver Lake Rd,48.50925,-123.38474
101541,Strandlund Ave at Duncan Pl,48.45684,-123.49281
101542,Langford Exch Bay C,48.44554,-123.50468
101543,Strandlund Ave at Duncan Pl,48.45663,-123.49347
101544,Treanor Ave at Kyle Pl,48.4656,-123.4868
101545,Duke Rd E at Chapel Heights Dr,48.3905,-123.49755
101546,Goldstream Ave at Claude Rd,48.44893,-123.49901
101548,Sooke Rd at Fulton Rd,48.43042,-123.5063
101549,Langford Pky at City Centre Park,48.44337,-123.51966
101550,Cordova Bay Rd at Sunnygrove Terr,48.51068,-123.36173
101551,3700 Blk Duke Rd E,48.38916,-123.49831
101552,Sooke Rd at Fulton Rd,48.42979,-123.50566
101553,Veterans Memorial Pky at Langford Pky,48.44095,-123.50303
101554,Cordova Bay Rd at Sunnygrove Terr,48.51089,-123.36164
101555,Phelps Ave at Renart Pl,48.4673,-123.48704
101556,Langford Pky at City Centre Park,48.44354,-123.52054
101557,Veterans Memorial Pky at Kelly Rd,48.43905,-123.50412
101558,Goldstream Ave at Lakeview Terr,48.44979,-123.52448
101559,Veterans Memorial Pky at Strandlund Ave,48.45553,-123.49644
101560,Peatt Rd at Larkhall Rd,48.45325,-123.49821
101561,Peatt Rd at Veterans Memorial Pky,48.45451,-123.49751
101562,Veterans Memorial Pky at Kelly Rd,48.43747,-123.50479
101563,3700 Blk Duke Rd E,48.38863,-123.49887
101565,Langford Pky at Langford Lake Rd E,48.44395,-123.52691
101566,Peatt Rd at Brock Ave,48.45331,-123.49836
101567,Kelly Rd at Veteran Memorial Pky,48.4383,-123.50538
101568,Peatt Rd at Veterans Memorial Pky,48.45458,-123.49765
101569,Peatt Rd at Goldstream Ave,48.44985,-123.50046
101570,Latoria Rd at Veterans Memorial Pky,48.40891,-123.50918
101571,Latoria Rd at Bezanton Way,48.40722,-123.50545
101572,Veterans Memorial Pky at Peatt Rd,48.45451,-123.49623
101573,Langford Exch Bay A,48.44533,-123.50575
101574,Goldstream Ave at Peatt Rd,48.44944,-123.50159
101575,W Saanich Rd at Beaver Rd,48.50846,-123.41005
101576,Fulton Rd at Karger Terr,48.42128,-123.50872
101577,Treanor Ave at Cottier Pl,48.46558,-123.49111
101580,Sooke Rd at Cecil Blogg Dr,48.43231,-123.51
101581,Cordova Bay Rd at Maxine Lane,48.51317,-123.36491
101582,Cordova Bay Rd at Maxine Lane,48.51314,-123.36457
101583,800 Blk Cuaulta Cres,48.42554,-123.50976
101585,Sooke Rd at Cecil Blogg Dr,48.43181,-123.50934
101586,Phelps Ave at Sabina Pl,48.46682,-123.49157
101588,3800 Blk Duke Rd E,48.38785,-123.50147
101589,Bexhill Rd at Bexhill Pl,48.42351,-123.51047
101590,W Saanich Rd at Old W Saanich Rd,48.50917,-123.41132
101591,3800 Blk Duke Rd E,48.38834,-123.50264
101592,Treanor Ave at Bellamy Rd,48.46492,-123.4937
101593,Langford Pky at Langford Lake Rd E,48.44374,-123.52695
101595,Fulton Rd at Sunheights Dr,48.41984,-123.51121
101596,Elk Lake Dr at Hwy 17,48.51354,-123.38463
101597,Goldstream Ave at Strathmore Rd,48.45015,-123.50429
101601,Cuaulta Cres at Zapata Pl,48.4265,-123.51148
101602,Millstream Rd at Millstream Village,48.4613,-123.49766
101603,Treanor Ave at Selwyn Rd,48.46466,-123.49556
101604,Gourman Pl at Bellamy Rd,48.47056,-123.4901
101606,Bellamy Rd at Larabie Crt,48.46935,-123.49152
101608,Millstream Rd at McCallum Rd,48.45959,-123.4975
101609,Bellamy Rd at Phelps Ave,48.46673,-123.49399
101610,Duke Rd E at Gilbert Dr,48.38836,-123.5041
101611,Sunheights Dr at Claudette Crt,48.42073,-123.51247
101612,Latoria Rd at Castlewood Rd,48.40973,-123.51209
101613,Latoria Rd at Olympian Way,48.40925,-123.51157
101616,Hwy 17 at Haliburton Rd,48.51503,-123.38429
101618,Goldstream Ave at Jacklin Rd,48.45022,-123.50489
101619,Duke Rd E at Gilbert Dr,48.38822,-123.50417
101620,Jacklin Rd at Orono Ave,48.448,-123.50712
101621,Jacklin Rd at Lequesne Ave,48.4497,-123.50632
101622,Goldie Ave at Bellamy Rd,48.46844,-123.49339
101623,Treanor Ave at Hoylake Ave,48.46473,-123.49715
101624,Jacklin Rd at Orono Ave,48.44739,-123.50766
101625,Langford Exch (Jacklin Rd) Bay D,48.44527,-123.50868
101626,Langford Pky at Langford Lake Rd W,48.44513,-123.53593
101627,W Saanich Rd at Interurban Rd,48.51095,-123.41472
101629,Gourman Pl at Peacock Pl,48.47056,-123.4929
101630,Jacklin Rd at Rex Rd,48.44162,-123.51079
101631,Goldstream Ave at Jacklin Rd,48.45085,-123.50638
101632,Langford Exch (Jacklin Rd) Bay E,48.44397,-123.50975
101633,W Saanich Rd at Interurban Rd,48.51221,-123.41449
101634,Walfred Rd at West Oak Pl,48.42752,-123.51425
101635,Jacklin Rd at Jenkins Ave,48.4408,-123.51149
101636,Duke Rd W at Cliff Dr,48.39158,-123.5084
101637,Millstream Rd at Treanor Ave,48.46381,-123.49922
101638,Treanor Ave at Belair Rd,48.46455,-123.4988
101639,Goldstream Ave at Matson Rd,48.45089,-123.50754
101640,Jacklin Rd at Terlane Pl,48.43893,-123.51234
101641,Wesley Rd at Haliburton Rd,48.51597,-123.37423
101642,Desmond Dr at Wendey Dr,48.41398,-123.51472
101643,Sunheights Dr at Horizon Terr,48.41894,-123.51486
101644,Duke Rd W at Cliff Dr,48.39151,-123.50858
101645,Jacklin Rd at Terlane Ave,48.43869,-123.51273
101646,Treanor Ave at Millstream Rd,48.46463,-123.49921
101647,Latoria Rd at Joy Close,48.41075,-123.5147
101649,Goldstream Ave at Leigh Rd,48.44972,-123.51885
101651,Millstream Rd at Millstream Village,48.4614,-123.4981
101652,Latoria Rd at Kelly Dawn Pl,48.41103,-123.51515
101653,Sunheights Dr at Columbus Pl,48.41727,-123.51568
101654,Jacklin Rd at Sunridge Valley Dr,48.43548,-123.51428
101655,Jenkins Ave at Avrill Rd,48.44065,-123.51268
101656,Dunford Ave at Jacklin Rd,48.4451,-123.51131
101657,900 Blk Walfred Rd,48.42883,-123.51553
101658,Jacklin Rd at Sunridge Valley Dr,48.43547,-123.51451
101659,Jenkins Ave at Jacklin Rd,48.44061,-123.51306
101660,Cordova Bay Rd at Haliburton Rd,48.51777,-123.36694
101661,Cordova Bay Rd at Haliburton Rd,48.51752,-123.36707
101663,Claremont Ave at Wesley Rd,48.51792,-123.37645
101664,Metchosin Rd at Duke Rd W,48.39296,-123.5106
101665,Latoria Rd at Desmond Dr,48.41131,-123.51671
101666,Metchosin Rd at Duke Rd W,48.39303,-123.51082
101668,Goldstream Ave at Spencer Rd,48.45024,-123.51081
101669,Latoria Rd at Desmond Dr,48.41164,-123.51735
101670,Florence Lake Rd at Citation Rd,48.4559,-123.50785
101671,Millstream Rd at Hoylake Ave,48.46589,-123.50107
101672,Sooke Rd at Jacklin Rd,48.4341,-123.51619
101673,Goldstream Ave at Spencer Rd,48.45037,-123.51089
101674,Florence Lake Rd at McCallum Rd,48.45559,-123.50799
101675,Jacklin Rd at Walfred Rd,48.43061,-123.51743
101676,McCallum Rd at Hwy 1,48.45351,-123.50969
101677,Stellys X Rd at Gowdy Rd,48.57964,-123.44237
101678,West Shore Pky at Constellation Ave,48.44709,-123.53977
101679,Goldstream Ave at Carlow Rd,48.44988,-123.51244
101680,Cordova Bay Rd at Gloria Pl,48.51951,-123.36725
101681,Dunford Ave at Carlow Rd,48.4459,-123.51451
101682,Millstream Rd at Gardner Creek,48.46742,-123.50188
101683,Sooke Rd at Ayton Pl,48.43329,-123.51831
101684,Jenkins Ave at Hull Rd,48.44145,-123.51648
101685,Dunford Ave at Carlow Rd,48.44575,-123.51435
101686,Carlow Rd at Goldstream Ave,48.44924,-123.51332
101687,Carlow Rd at Bray Ave,48.44758,-123.51422
101688,Langford Pky at Langford Lake Rd W,48.44493,-123.53597
101689,Jenkins Ave at Hull Rd,48.44134,-123.51685
101690,Cordova Bay Rd at Gloria Pl,48.52002,-123.36712
101691,Sooke Rd at Ayton Pl,48.43329,-123.51893
101692,Carlow Rd at Linda Lane,48.44722,-123.51477
101694,Florence Lake Rd at Rhapsody Pl,48.45821,-123.50995
101695,Florence Lake Rd at Rhapsody Pl,48.45802,-123.50999
101697,Setchfield Ave at Buckler Ave,48.46219,-123.5078
101698,Setchfield Ave at High Forest Pl,48.46326,-123.50703
101699,Treanor Ave at Camli Pl,48.4659,-123.50518
101700,Treanor Ave at Misty Way,48.46625,-123.50544
101701,Setchfield Ave at Martin Ridge,48.46075,-123.50966
101702,Millstream Rd at Bear Mountain Pky,48.47036,-123.50318
101703,Millstream Rd at Bear Mountain Pky,48.47059,-123.50394
101704,Sooke Rd at Willshire Dr,48.43273,-123.52181
101705,Setchfield Ave at Lakewood Elementary,48.46558,-123.50754
101706,Florence Lake Rd at Setchfield Ave,48.45976,-123.51128
101707,Sooke Rd at Willshire Dr,48.43258,-123.52131
101708,Langford Pky at Hull's Corner,48.44304,-123.5148
101709,Florence Lake Rd at Setchfield Ave,48.45937,-123.51135
101710,Jenkins Ave at Haslam Ave,48.44166,-123.51989
101712,Goldstream Ave at Leigh Rd,48.44956,-123.5172
101713,Jenkins Ave at Haslam Ave,48.44188,-123.52062
101715,Cordova Bay Rd at Doumac Ave,48.52272,-123.36759
101717,Setchfield Ave at Treanor Ave,48.4665,-123.50827
101718,Cordova Bay Rd at Doumac Ave,48.52311,-123.36753
101719,Latoria Rd at Triangle Trail,48.41458,-123.52471
101720,Setchfield Ave at Treanor Ave,48.46661,-123.50851
101721,Bear Mountain Pky at Longspur Dr,48.47024,-123.50825
101722,Bear Mountain Pky at Longspur Dr,48.47035,-123.50853
101723,Sooke Rd at Glen Lake Rd,48.4329,-123.52353
101724,Sooke Rd at Happy Valley Rd,48.4328,-123.52402
101725,W Saanich Rd at Observatory Rd,48.51778,-123.42182
101726,Jenkins Ave at Glen Lake Rd,48.44182,-123.52276
101727,Jenkins Ave at Glen Lake Rd,48.44191,-123.52302
101728,Metchosin Rd at Lomax Rd,48.39173,-123.52075
101729,Glen Lake Rd at Page Ave,48.43434,-123.5254
101730,Goldstream Ave at Shelby Pl,48.44959,-123.52417
101731,Glen Lake Rd at Page Ave,48.43441,-123.52554
101732,West Shore Pky at Constellation Ave,48.44816,-123.53984
101733,Glen Lake Rd at Colbourne Gdns,48.43609,-123.52577
101734,Metchosin Rd at Lomax Rd,48.39182,-123.52123
101735,West Shore Pky at Landing Lane,48.45166,-123.5416
101736,Glen Lake Rd at Colbourne Gdns,48.43602,-123.52592
101737,Cordova Bay Rd at Sutcliffe Rd,48.52525,-123.36848
101738,Bear Mountain Pky at Echo Valley Dr,48.46911,-123.51244
101739,Glen Lake Rd at Waterlily Lane,48.43855,-123.5276
101740,Cordova Bay Rd at Walema Ave,48.52642,-123.36832
101741,Bear Mountain Pky at Echo Valley Dr,48.46924,-123.51235
101742,Glen Lake Rd at Waterlily Lane,48.43848,-123.52779
101743,Glen Lake Rd at Springhill Rd,48.44269,-123.52685
101744,Sooke Rd at Ronald Rd,48.43252,-123.5293
101745,Glen Lake Rd at Springhill Rd,48.44261,-123.52629
101746,Happy Valley Rd at Acadian Rd,48.42764,-123.53008
101747,Goldstream Ave at Hartsdale Dr,48.44918,-123.52096
101748,Happy Valley Rd at Huckleberry Terr,48.42715,-123.53054
101749,Sooke Rd at Ronald Rd,48.43282,-123.52899
101750,Langford Pky at Hull's Corner,48.44289,-123.51469
101751,Metchosin Rd at Pears Rd,48.38974,-123.52557
101752,Glen Lake Rd at Glenview Pl,48.44176,-123.5282
101754,Glen Lake Rd at Kathlynn Lane,48.43973,-123.52908
101755,Glen Lake Rd at Kathlynn Lane,48.43971,-123.52933
101756,Glen Lake Rd at Glenview Pl,48.44102,-123.5296
101758,Metchosin Rd at Pears Rd,48.38948,-123.52607
101760,Happy Valley Rd at Vision Way,48.42363,-123.53266
101761,Happy Valley Rd at Lobo Vale,48.41986,-123.5329
101763,Bear Mountain Pky at Stone Gate,48.47328,-123.51247
101764,Happy Valley Rd at Turnstone Dr,48.42261,-123.53306
101765,Happy Valley Rd at Dicker Rd,48.41351,-123.53301
101767,Cordova Bay Rd at Hanover Pl,48.52877,-123.37273
101770,West Shore Pky at Landing Lane,48.45171,-123.54128
101771,Admirals Rd at Maplebank Rd,48.44198,-123.42823
101773,Sooke Rd at Penwood Rd,48.43097,-123.53415
101774,Sooke Rd at Penwood Rd,48.43078,-123.53419
101775,Happy Valley Rd at Vitality Rd,48.41267,-123.53457
101776,Happy Valley Rd at Vitality Rd,48.41249,-123.53465
101777,Cordova Bay Rd at Lochside Trail,48.5304,-123.37431
101778,Admirals Rd at Maplebank Rd,48.44209,-123.42806
101779,Mills Rd at W Saanich Rd,48.65533,-123.4447
101780,Metchosin Rd at Witty Beach Rd,48.38434,-123.52699
101781,Goldstream Ave at Wenger Terr,48.45202,-123.52873
101782,Metchosin Rd at Witty Beach Rd,48.38405,-123.52696
101783,W Saanich Rd at Prospect Lake Rd,48.52377,-123.43079
101784,Cordova Bay Rd at Hill Rise Terr,48.53068,-123.38223
101785,Cordova Bay Rd at Alderley Rd,48.53074,-123.38403
101786,W Saanich Rd at Sparton Rd,48.52384,-123.43052
101787,Goldstream Ave at Lakeshore Pl,48.45374,-123.53146
101788,Cordova Bay Rd at Fowler Rd,48.5322,-123.37677
101789,Bear Mountain Pky at Players Dr,48.47436,-123.518
101790,Bear Mountain Pky at Players Dr,48.47475,-123.51848
101791,Metchosin Rd at Wootton Rd,48.38205,-123.52896
101792,Happy Valley Rd at Torrance Ave,48.41098,-123.53803
101793,Happy Valley Rd at Torrance Ave,48.41123,-123.53787
101794,Metchosin Rd at Wootton Rd,48.38218,-123.52908
101796,Fowler Rd at Cordova Bay Rd,48.53329,-123.37821
101797,Happy Valley Rd at Wild Ridge Way,48.40983,-123.53967
101798,Happy Valley Rd at Wild Ridge Way,48.40965,-123.53999
101799,Metchosin Rd at Happy Valley Rd,48.38029,-123.53067
101800,Happy Valley Rd at Winter Rd,48.40755,-123.54154
101801,Sooke Rd at Chidlow Connector,48.42944,-123.53809
101802,Happy Valley Rd at Centremont Lane,48.40795,-123.54146
101803,Fowler Rd at Menawood Pl,48.53513,-123.37914
101804,Bear Mountain Pky at Nicklaus Dr,48.47507,-123.52197
101805,William Head Rd at Happy Valley Rd,48.37927,-123.53174
101807,Bear Mountain Pky at Rivers Crossing,48.4753,-123.5234
101808,W Saanich Rd at Hartland Ave,48.52739,-123.4365
101809,Goldstream Ave at Lake End Rd,48.45513,-123.53411
101810,W Saanich Rd at Hartland Ave,48.5279,-123.43689
101812,William Head Rd at Parry Rd,48.37702,-123.53279
101813,Mills Rd at Littlewood Rd,48.65532,-123.43204
101814,Mills Rd at Avenger Way,48.6553,-123.42158
101815,Sooke Rd at Awsworth Rd,48.42582,-123.56312
101816,Happy Valley Rd at Rocky Point Rd,48.38271,-123.53869
101817,Carey Rd at Ravine Way - Uptown,48.45597,-123.37735
101819,Happy Valley Rd at Rocky Point Rd,48.38255,-123.53873
101820,West Shore Pky at Amy Rd,48.45672,-123.53899
101821,Fowler Rd at Sayward Rd,48.53823,-123.38102
101822,Sooke Rd at Awsworth Rd,48.42604,-123.56372
101823,Hwy 17 at Sayward Rd,48.53661,-123.38885
101824,Metchosin Rd at Raynerwood Pl,48.42299,-123.48782
101825,Sayward Rd at Fowler Rd,48.53865,-123.38335
101826,4500 Blk William Head Rd,48.37506,-123.53393
101827,Sooke Rd at West Shore Pky,48.42503,-123.54991
101828,Hwy 17 at Sayward Rd,48.53822,-123.38956
101829,Happy Valley Rd at Neild Rd,48.40483,-123.5475
101830,Happy Valley Rd at Neild Rd,48.40478,-123.54785
101831,4400 Blk Happy Valley Rd,48.38445,-123.54163
101832,4400 Blk Happy Valley Rd,48.38514,-123.54226
101833,West Shore Pky at Amy Rd,48.45788,-123.54105
101834,Bear Mountain Pky at Country Club Way,48.47593,-123.53071
101835,4300 Blk Happy Valley Rd,48.38641,-123.54448
101836,4300 Blk Happy Valley Rd,48.38646,-123.54424
101837,Happy Valley Rd at Flesh Rd,48.40209,-123.55022
101838,Rocky Point Rd at Winfall Rd,48.37731,-123.54187
101839,Happy Valley Rd at Flesh Rd,48.40198,-123.55048
101840,W Saanich Rd at Matterhorn Dr,48.53229,-123.43855
101841,Happy Valley Rd at Derrien Pl,48.38878,-123.54758
101842,Happy Valley Rd at Glen Forest Way,48.39934,-123.55083
101843,Happy Valley Rd at Bennett Rd,48.38865,-123.54767
101844,W Saanich Rd at Matterhorn Dr,48.53386,-123.43767
101845,Happy Valley Rd at Glen Forest Way,48.3993,-123.55102
101846,Phipps Rd at Westshore Town Centre,48.44098,-123.50541
101847,Rocky Point Rd at Winfall Rd,48.37746,-123.54151
101848,Happy Valley Rd at Brookview Dr,48.39734,-123.55114
101849,Happy Valley Rd at Brookview Dr,48.39735,-123.55133
101850,2900 Blk Amy Rd,48.45864,-123.5456
101851,Happy Valley Rd at Lindholm Rd,48.39321,-123.5512
101852,Phipps Rd at Westshore Town Centre,48.44103,-123.50555
101853,Happy Valley Rd at Lindholm Rd,48.39291,-123.55097
101854,2900 Blk Amy Rd,48.45887,-123.54576
101855,William Head Rd at Taylor Rd,48.36921,-123.53952
101856,W Saanich Rd at Wallace Dr,48.53515,-123.43751
101857,W Saanich Rd at Wallace Dr,48.53598,-123.43698
101859,Rocky Point Rd at Walpole Rd,48.37436,-123.54434
101860,Sooke Rd at West Shore Pky,48.42496,-123.54947
101861,Island View Rd at Hwy 17,48.57233,-123.3989
101862,Rocky Point Rd at Walpole Rd,48.37406,-123.54441
101863,Mt Wells Dr at Sunvale Pl,48.45858,-123.54913
101865,Sooke Lake Rd at Mount Wells Dr,48.45996,-123.5491
101866,Mount Wells Dr at Bolanne Pl,48.4571,-123.55127
101868,Rocky Point Rd at Taylor Rd,48.37178,-123.54729
101870,Rocky Point Rd at Tiswilde Rd,48.37167,-123.54775
101871,William Head Rd at Lombard Dr,48.36518,-123.54366
101872,Humpback Rd at Sooke Lk Rd,48.45886,-123.55338
101873,5800 Blk W Saanich Rd,48.54138,-123.4368
101874,Lombard Dr at Tavane Rd,48.3666,-123.54857
101875,Rocky Point Rd at Arden Rd,48.36894,-123.55036
101876,Rocky Point Rd at Arden Rd,48.36901,-123.55052
101877,Lombard Dr at Tavane Rd,48.36658,-123.54892
101878,5800 Blk W Saanich Rd,48.54319,-123.43671
101879,William Head Rd at Boblaw Pl,48.35823,-123.54521
101880,William Head Rd at Boblaw Pl,48.35853,-123.54528
101881,Sooke Rd at Humpback Rd,48.42622,-123.56915
101883,Tanner Rd at Bella Vista Dr,48.55436,-123.39503
101885,Tanner Rd at Marie Meadows Rd,48.55422,-123.39501
101886,Tanner Rd at Conconi Pl,48.55434,-123.39827
101887,William Head Rd at Sandgate Rd,48.35355,-123.54733
101888,Tanner Rd at Rodolph Rd,48.55425,-123.40043
101889,Tanner Rd at Robin Way,48.55422,-123.39823
101890,Tanner Rd at Rodolph Rd,48.5544,-123.40117
101891,W Saanich Rd at Glen Nevis Rd,48.54772,-123.44108
101892,W Saanich Rd at Glen Nevis Rd,48.54752,-123.44142
101893,W Saanich Rd at Durrance Rd,48.55061,-123.4399
101894,Central Saanich Rd at Tanner Rd,48.55713,-123.40343
101895,Central Saanich Rd at Tanner Rd,48.55711,-123.40363
101896,W Saanich Rd at Durrance Rd,48.55122,-123.44008
101897,Central Saanich Rd at Styan Rd,48.5598,-123.40346
101899,6100 Blk W Saanich Rd,48.55424,-123.43866
101900,6300 Blk W Saanich Rd,48.55459,-123.43865
101901,Central Saanich Rd at Styan Rd,48.56043,-123.40367
101902,4000 Blk Sooke Rd,48.40749,-123.58421
101903,4100 Blk Sooke Rd,48.39926,-123.58945
101904,Central Saanich Rd at Handy Crt,48.56232,-123.40346
101905,4100 Blk Sooke Rd,48.39911,-123.59031
101906,Central Saanich Rd at Keating X Rd,48.56453,-123.40366
101907,Central Saanich Rd at Keating X Rd,48.56484,-123.40345
101908,Keating X Rd at Mirah Rd,48.56507,-123.40623
101909,Keating X Rd at Mirah Rd,48.56521,-123.40726
101911,Keating X Rd at Veyaness Rd,48.56507,-123.41007
101912,W Saanich Rd at Old W Saanich Rd,48.56093,-123.43667
101914,W Saanich Rd at Old W Saanich Rd,48.5609,-123.43647
101915,Keating X Rd at Veyaness Rd,48.56522,-123.41026
101916,3800 Blk Sooke Rd,48.40957,-123.58528
101917,Keating X Rd at Rajpur Pl,48.56507,-123.41313
101919,Keating X Rd at Rajpur Pl,48.5652,-123.41438
101920,Keating X Rd at Butler Cres,48.56506,-123.4193
101921,Keating X Rd at Oldfield Rd,48.56522,-123.41838
101923,Gillespie Rd at Sooke Rd,48.39409,-123.62741
101924,Keating X Rd at Willow Way,48.56571,-123.42649
101925,Keating X Rd at Willow Way,48.56558,-123.42752
101928,W Saanich Rd at Benvenuto Ave,48.56458,-123.43813
101929,Keating X Rd at W Saanich Rd,48.56512,-123.43738
101930,Keating X Rd at W Saanich Rd,48.56527,-123.43771
101931,W Saanich Rd at Keating X Rd,48.56585,-123.43906
101932,W Saanich Rd at Kersey Rd,48.56677,-123.44009
101933,Benvenuto Ave at Garden Gate Dr,48.56379,-123.45353
101934,Benvenuto Ave at Trudeau Terr,48.56299,-123.45614
101935,Benvenuto Ave at Trudeau Terr,48.56286,-123.45614
101936,Benvenuto Ave at Amwell Dr,48.56384,-123.45373
101937,Sooke Rd at Kangaroo Rd,48.39294,-123.59798
101938,Sooke Rd at Kangaroo Rd,48.39349,-123.59691
101939,Benvenuto Ave at Knott Way,48.56616,-123.44709
101940,Wallace Dr at Benvenuto Ave,48.56334,-123.45917
101941,Wallace Dr at Benvenuto Ave,48.5633,-123.45882
101942,E Saanich Rd at Central Saanich Rd,48.57315,-123.40366
101943,Benvenuto Ave at Knott Way,48.56631,-123.44745
101944,E Saanich Rd at Cooperidge Dr,48.57394,-123.40409
101945,Wallace Dr at Woodward Dr,48.56434,-123.46026
101946,Wallace Dr at Woodward Dr,48.56442,-123.46009
101947,W Saanich Rd at Carriage Lane,48.56908,-123.44151
101948,W Saanich Rd at Carriage Lane,48.56928,-123.44133
101949,Arbutus Rd at Finnerty Rd,48.4711,-123.30319
101950,Butchart Gardens,48.5631,-123.46657
101951,Arbutus Rd at Finnerty Rd,48.47135,-123.30298
101952,6800 Blk Wallace Dr,48.56587,-123.46129
101953,6800 Blk Wallace Dr,48.56632,-123.46136
101954,E Saanich Rd at Dogwood Lane,48.5772,-123.40676
101955,E Saanich Rd at Stellys X Rd,48.57959,-123.40877
101956,Sooke Rd at Impala Rd,48.39384,-123.60563
101957,Sooke Rd at Impala Rd,48.39432,-123.60599
101958,Wallace Dr at Springside Pl,48.56958,-123.45565
101959,W Saanich Rd at Marchant Rd,48.57273,-123.44269
101960,Wallace Dr at McKenna Crt,48.56877,-123.45938
101961,W Saanich Rd at Marchant Rd,48.5729,-123.4426
101962,Wallace Dr at Springside Pl,48.56982,-123.45555
101963,Wallace Dr at McKenna Crt,48.56886,-123.45942
101964,Wallace Dr at Llanfair Cres,48.5707,-123.45402
101965,4900 Blk Sooke Rd,48.39651,-123.60931
101966,Wallace Dr at Marchant Rd,48.57217,-123.45214
101967,4900 Blk Sooke Rd,48.39687,-123.60947
101968,E Saanich Rd at Stellys X Rd,48.57992,-123.40921
101969,Wallace Dr at Stelly's Secondary,48.57609,-123.43333
101971,Wallace Dr at Marchant Rd,48.57272,-123.45106
101972,E Saanich Rd at Dogwood Lane,48.57714,-123.407
101973,W Saanich Rd at Columbia Ave,48.57473,-123.44436
101974,W Saanich Rd at Wallace Dr,48.57484,-123.44481
101975,Wallace Dr at Sluggett Rd,48.5739,-123.44907
101976,3900 Blk Wilkinson Rd,48.47059,-123.41259
101977,Marchant Rd at Hagan Rd,48.57237,-123.45771
101978,Burnside Rd W at Heritage Lane,48.46345,-123.41266
101980,5000 Blk Sooke Rd,48.39794,-123.61438
101981,Westhills Exch (Langford Pky) Bay E,48.44521,-123.53401
101983,Brentwood Dr at Marchant Rd,48.57253,-123.46105
101984,Wallace Dr at Stellys X Rd,48.58012,-123.42568
101985,W Saanich Rd at Wallace Dr,48.57624,-123.44654
101986,Wallace Dr at Stellys X Rd,48.57987,-123.426
101987,5000 Blk Sooke Rd,48.39808,-123.61486
101988,Stellys X Rd at Stelly's Secondary,48.57966,-123.43197
101990,Wallace Dr at White Rd,48.58444,-123.4238
101991,Brentwood Dr at Sluggett Rd,48.57368,-123.46219
101992,Stellys X Rd at Saanich Fairgrounds,48.57966,-123.43688
101993,Canora Rd at De Havilland Way,48.64249,-123.41686
101996,7400 Blk E Saanich Rd,48.58302,-123.41251
101997,Canora Rd at De Havilland Way,48.64312,-123.41654
101998,Verdier Ave at W Saanich Rd,48.57796,-123.45042
101999,W Saanich Rd at Verdier Ave,48.5788,-123.45041
102001,Happy Valley Rd at Walfred Rd,48.4313,-123.52757
102002,Stellys X Rd at Early Pl,48.57964,-123.44568
102003,Verdier Ave at Holly Park Rd,48.57794,-123.45563
102006,Happy Valley Rd at Walfred Rd,48.43087,-123.52787
102007,Butchart Gardens,48.56308,-123.46656
102008,W Saanich Rd at Tri-Eagle Plaza,48.48946,-123.38622
102009,Wallace Dr at White Rd,48.58448,-123.42357
102010,Stellys X Rd at W Saanich Rd,48.57968,-123.45077
102011,E Saanich Rd at Veyaness Rd,48.5855,-123.41657
102012,Hillside Ave at Douglas St,48.43832,-123.36628
102013,W Saanich Rd at Verdier Ave,48.57846,-123.4503
102014,Verdier Ave at Hagan Rd,48.57795,-123.45829
102015,7400 Blk E Saanich Rd,48.58267,-123.41185
102016,Brentwood Dr at Verdier Ave,48.57666,-123.46476
102017,Benvenuto Ave at Tod Inlet Trail,48.56249,-123.46423
102018,McTavish Exch Bay C,48.63016,-123.41309
102019,Bay St at Cook St,48.43486,-123.35087
102020,McTavish Exch Bay D,48.63017,-123.41329
102021,E Saanich Rd at Veyaness Rd,48.58568,-123.41749
102022,Verdier Ave at Brentwood Dr,48.57796,-123.46307
102023,Wallace Dr at Hovey Rd,48.58661,-123.42254
102024,Wallace Dr at Hovey Rd,48.58653,-123.42279
102025,E Saanich Rd at Hovey Rd,48.58805,-123.41909
102026,Wallace Dr at Prosser Rd,48.58853,-123.42174
102028,Bay St at Cook St,48.4352,-123.35382
102030,E Saanich Rd at Prosser Rd,48.58829,-123.41938
102032,McTavish Exch Bay F,48.63033,-123.4132
102034,Hwy 1 at Admirals Rd,48.45967,-123.40673
102035,W Saanich Rd at Shaker Church Rd,48.58382,-123.4577
102036,Mt Newton X Rd at Stautw Rd,48.59298,-123.39173
102037,W Saanich Rd at Shaker Church Rd,48.58428,-123.45807
102038,McTavish Exch Bay G,48.63033,-123.41297
102040,Mt Newton X Rd at Lochside Dr,48.59412,-123.39517
102042,Mt Newton X Rd at Hwy 17,48.59408,-123.39966
102043,Mt Newton X Rd at Hwy 17 East Side,48.59424,-123.39689
102044,McTavish Exch Bay B,48.63027,-123.41246
102045,Mt Newton X Rd at Hwy 17 West Side,48.59419,-123.3993
102046,Mt Newton X Rd at Central Saanich Rd,48.59407,-123.40293
102048,McTavish Exch Bay A,48.62905,-123.41162
102049,Mt Newton X Rd at Central Saanich Rd,48.5942,-123.40402
102050,Mt Newton X Rd at Saanich Pen Hosp,48.59406,-123.40949
102051,Lochside Dr at Mt Newton X Rd,48.59454,-123.39476
102052,Wallace Dr at Cultra Ave,48.59271,-123.42137
102055,Mt Newton X Rd at Saanich Pen Hosp,48.59419,-123.41044
102056,Gillespie Rd at Manzer Way,48.39165,-123.63154
102058,Lochside Dr at Ferguson Rd,48.59562,-123.39457
102059,Gillespie Rd at Manzer Way,48.39157,-123.6317
102061,Gillespie Rd at Nagle Rd,48.38404,-123.62976
102063,Gillespie Rd at Nagle Rd,48.38447,-123.63021
102064,Driftwood Dr at Driftwood Pl,48.39615,-123.72208
102065,Wallace Dr at Mt Newton X Rd,48.59444,-123.41965
102067,Saanich Pen Hosp Main Entrance,48.59603,-123.41033
102068,Sooke Rd at Carran Rd,48.43226,-123.49705
102069,Sooke Rd at Glinz Lake Rd,48.39303,-123.63655
102070,Lochside Dr at James Island Rd,48.59874,-123.39478
102071,E Saanich Rd at Patterson Rd,48.5966,-123.41677
102072,E Saanich Rd at Wallace Dr,48.59676,-123.41697
102074,Lochside Dr at James Island Rd,48.5992,-123.39462
102075,Lochside Dr at Wakeman Rd,48.60039,-123.39573
102076,Gillespie Rd at Roche Cove Bridge,48.37239,-123.63269
102077,Lochside Dr at Wakeman Rd,48.60063,-123.39573
102078,Gillespie Rd at Roche Cove Bridge,48.37053,-123.63322
102079,E Saanich Rd at Polo Park Cres,48.5995,-123.41692
102080,E Saanich Rd at Polo Park Cres,48.60019,-123.41671
102081,5200 Blk Sooke Rd,48.38861,-123.64374
102082,Lochside Dr at Newman Rd,48.60383,-123.3962
102083,5300 Blk Sooke Rd,48.38765,-123.64781
102084,Lochside Dr at Newman Rd,48.60407,-123.39599
102085,5300 Blk Sooke Rd,48.38832,-123.64846
102086,E Saanich Rd at Newman Rd,48.60261,-123.41712
102087,E Saanich Rd at Newman Rd,48.6025,-123.4173
102088,Gillespie Rd at Mount Matheson Rd,48.3587,-123.63379
102089,Lochside Dr at Cascade Ave,48.60642,-123.39652
102090,Gillespie Rd at Mount Matheson Rd,48.35803,-123.6358
102091,Lochside Dr at Cascade Ave,48.60662,-123.39644
102092,5400 Blk Sooke Rd,48.39056,-123.65132
102093,5400 Blk Sooke Rd,48.39081,-123.65116
102094,E Saanich Rd at Haldon Rd,48.6066,-123.41912
102095,Sunriver Way at Riverstone Dr,48.39706,-123.72119
102096,E Saanich Rd at Haldon Rd,48.6068,-123.41909
102097,5500 Blk Sooke Rd,48.39484,-123.65514
102098,W Saanich Rd at Mt Newton X Rd,48.59904,-123.46589
102099,W Saanich Rd at Mt Newton X Rd,48.59955,-123.46603
102100,8400 Blk Lochside Dr,48.61009,-123.39927
102101,8400 Blk Lochside Dr,48.61039,-123.3993
102102,Sooke Rd at Ludlow Rd,48.39419,-123.65797
102103,5500 Blk Sooke Rd,48.39456,-123.65615
102104,E Sooke Rd at Gillespie Rd,48.35445,-123.64248
102105,Sooke Rd at Laidlaw Rd,48.39343,-123.66049
102106,Sooke Rd at Ludlow Rd,48.39404,-123.65801
102107,E Sooke Rd at Gillespie Rd,48.35436,-123.64263
102108,Lochside Dr at Amity Dr,48.61435,-123.40129
102109,Sooke Rd at Laidlaw Rd,48.393,-123.66088
102110,Lochside Dr at Amity Dr,48.61427,-123.40144
102111,May St at Eberts St,48.411,-123.34574
102112,E Saanich Rd at Barrett Dr,48.61348,-123.41615
102113,E Saanich Rd at Leal Rd,48.61367,-123.41592
102114,Barrett Dr at Trincomali Terr,48.61287,-123.42432
102115,Barrett Dr at Trincomali Terr,48.61283,-123.42411
102116,E Sooke Rd at Boardman Lane,48.35801,-123.64654
102117,E Sooke Rd at Boardman Lane,48.35862,-123.6486
102118,W Saanich Rd at McPhail Rd,48.60447,-123.47184
102120,Barrett Dr at Sandover Cres E,48.61419,-123.41857
102121,W Saanich Rd at McPhail Rd,48.60526,-123.47239
102122,Barrett Dr at Colburne Pl,48.61408,-123.429
102124,Barrett Dr at Sandover Cres,48.61487,-123.42202
102125,Barrett Dr at Colburne Pl,48.61375,-123.42829
102126,Barrett Dr at Sandover Cres W,48.61479,-123.42188
102127,Sooke Rd at Harbourview Rd,48.39104,-123.66666
102128,Barrett Dr at Kingcome Cres,48.61436,-123.43145
102129,Barrett Dr at Kingcome Cres S,48.61423,-123.43108
102130,Lochside Dr at Lowe Rd,48.61828,-123.40454
102131,Sooke Rd at Harbourview Rd,48.39119,-123.66785
102132,Royal Bay Exch Bay B,48.40838,-123.488
102133,E Sooke Rd at Parkheights Dr,48.35826,-123.65588
102134,E Sooke Rd at Parkheights Dr,48.35839,-123.65597
102135,E Saanich Rd at Dean Park Rd,48.61796,-123.41666
102136,E Saanich Rd at Dean Park Rd,48.61733,-123.41644
102137,Lochside Dr at Lowe Rd,48.61839,-123.40443
102138,Barrett Dr at Sentinel Pl,48.61652,-123.43226
102139,Barrett Dr at Kingcome Cres N,48.6163,-123.43211
102140,W Saanich Rd at Lawrence Rd,48.60971,-123.47414
102141,Forest Park Dr at Dean Park Rd,48.61797,-123.42888
102142,Forest Park Dr at Dean Park Rd,48.6179,-123.42907
102143,E Saanich Rd at CFIA Laboratory,48.62094,-123.41766
102144,E Saanich Rd at CFIA Laboratory,48.62075,-123.41739
102145,E Sooke Rd at East Sooke Park,48.35991,-123.66087
102146,E Sooke Rd at East Sooke Park,48.35964,-123.66072
102147,Sooke Rd at Saseenos Rd,48.39108,-123.6706
102148,W Saanich Rd at Lawrence Rd,48.61087,-123.47383
102149,Forest Park Dr at Mayneview Terr,48.61998,-123.42593
102150,Sooke Rd at Saseenos Rd,48.39085,-123.67196
102151,Forest Park Dr at Mayneview Terr,48.61987,-123.427
102152,Lochside Dr at Bazan Bay Rd,48.62359,-123.408
102153,Lochside Dr at Bazan Bay Rd,48.62356,-123.40816
102154,Sooke Rd at Woodlands Rd,48.39075,-123.67679
102155,8900 Blk Forest Park Dr,48.62326,-123.42733
102156,8900 Blk Forest Park Dr,48.62371,-123.4274
102158,E Saanich Rd at Bazan Bay Rd,48.62478,-123.41881
102159,Forest Park Dr at E Saanich Rd,48.62512,-123.42046
102160,E Saanich Rd at Forest Park Dr,48.62566,-123.41923
102162,Forest Park Dr at E Saanich Rd,48.62524,-123.42074
102163,Forest Park Dr at Cresswell Dr,48.62572,-123.42699
102164,8700 Blk W Saanich Rd,48.6199,-123.46615
102165,W Saanich Rd at Theh Le Lum Lane,48.62064,-123.46517
102166,E Sooke Rd at Raglan Pl,48.36413,-123.67382
102167,E Sooke Rd at Raglan Pl,48.36445,-123.67433
102168,Sooke Rd at Parkland Rd,48.38906,-123.68276
102169,W Saanich Rd at Theh Le Lum Lane,48.62159,-123.46457
102170,Sooke Rd at Winnipeg Rd,48.39,-123.67872
102171,Haliburton Rd at Arsenault Pl,48.51429,-123.37519
102172,Haliburton Rd at Del Monte Ave,48.51414,-123.37868
102173,Haliburton Rd at Del Monte Ave,48.51432,-123.37897
102174,McKenzie Ave at Burnside Rd W,48.46246,-123.40204
102175,McKenzie Ave at Burnside Rd W,48.46239,-123.40169
102176,E Saanich Rd at McTavish Rd,48.62951,-123.42046
102177,E Saanich Rd at McTavish Rd,48.62962,-123.42025
102179,McKenzie Ave at Hwy 1,48.46066,-123.40347
102180,W Saanich Rd at Observatory Rd,48.51741,-123.42187
102181,Interurban Rd at Viaduct Ave W,48.49838,-123.41944
102182,1900 Blk Kaltasin Rd,48.38225,-123.69
102183,Sooke Rd at Kaltasin Rd,48.38737,-123.68828
102184,Sooke Rd at Kaltasin Rd,48.38724,-123.68849
102185,James White Blvd at Resthaven Dr,48.65017,-123.40159
102186,Andover Rd at Copper Mine Rd,48.36299,-123.67856
102187,Wharf St at Broughton St,48.42389,-123.36947
102188,Lochside Dr at Bakerview Pl,48.63278,-123.40898
102189,Kaltasin Rd at Sooke Rd,48.38654,-123.68791
102190,Lochside Dr at Bakerview Pl,48.63282,-123.40912
102191,W Saanich Rd at Pauquachin Lane,48.62708,-123.45811
102192,Six Mile Rd at Atkins Rd,48.45908,-123.46526
102193,Six Mile Rd at Nursery Hill Dr,48.45964,-123.46553
102194,W Saanich Rd at North Ridge Rd,48.62772,-123.45791
102195,Copper Mine Rd at E Sooke Rd,48.36376,-123.67888
102196,Kaltasin Rd at Seabroom Rd,48.38371,-123.68923
102197,2000 Blk Idlemore Rd,48.38403,-123.69169
102199,Willingdon Rd at E Saanich Rd,48.63517,-123.42133
102200,Lochside Dr at Captains Walk,48.63636,-123.40517
102201,W Saanich Rd at McTavish Rd,48.63015,-123.4582
102202,Willingdon Rd at E Saanich Rd,48.63529,-123.42144
102203,Glenidle Rd at Idlemore Rd,48.38159,-123.69213
102204,Canora Rd at Summergate Blvd,48.63628,-123.41732
102205,Lochside Dr at Frost Ave,48.6378,-123.40379
102206,W Saanich Rd at McTavish Rd,48.63169,-123.45809
102207,Lochside Dr at Frost Ave,48.63813,-123.40324
102208,Canora Rd at Brackman Way,48.63683,-123.41775
102209,Llanilar Rd at Cole Rd,48.36553,-123.69033
102210,Llanilar Rd at Hensbro Pl,48.36319,-123.6896
102211,Legislature Exch Bay A,48.41865,-123.36896
102212,Sooke Rd at Lazzar Rd - Sooke P&R,48.38773,-123.6976
102213,West Coast Rd at Sheilds Rd,48.37575,-123.72507
102214,Sooke Rd at Lazzar Rd - Sooke P&R,48.38789,-123.69874
102215,Fairfield Rd at Cornwall St,48.41608,-123.34993
102216,Milburn Dr at Aloha Ave,48.41697,-123.47651
102217,Fifth St at Weiler Ave,48.64133,-123.40026
102218,Canora Rd at Northbrook Dr,48.64062,-123.41745
102219,Sunriver Way at Driftwood Dr,48.39542,-123.71863
102220,Canora Rd at Norseman Rd,48.64048,-123.41727
102221,Fifth St at Weiler Ave,48.64166,-123.40046
102226,Victoria International Airport,48.64039,-123.43155
102227,Fifth St at Ocean Ave,48.644,-123.4001
102228,Fifth St at Ocean Ave,48.64369,-123.40047
102229,W Saanich Rd at Bradley Dyne Rd,48.63715,-123.45797
102230,E Sooke Rd at Whale View Cres,48.33716,-123.62048
102231,Ocean Ave W at Epco Dr,48.64443,-123.41057
102232,E Sooke Rd at Spirit Bay Rd,48.33802,-123.60636
102233,Ocean Ave W at Epco Dr,48.64456,-123.41058
102234,W Saanich Rd at Bradley Dyne Rd,48.63874,-123.4581
102235,Sooke Rd at Belvista Pl,48.3839,-123.70554
102236,Sooke Rd at Phillips Rd,48.38373,-123.70622
102238,SEAPARC Recreation Centre,48.38628,-123.7088
102239,Fifth St at Bevan Ave,48.64739,-123.40023
102240,Fifth St at Bevan Ave,48.64729,-123.4004
102241,Sunriver Way at Demamiel Dr,48.39308,-123.71138
102242,Sunriver Way at DeMamiel Dr,48.39295,-123.71138
102243,Fifth St at Beacon Ave - Sidney Town Ctr,48.6486,-123.40042
102246,Sooke Rd at Terrott St,48.38185,-123.70994
102247,Sooke Rd at Drennan St,48.38186,-123.71021
102248,Beacon Ave W at Hwy 17,48.64882,-123.40875
102249,Fifth St at Beacon Ave - Sidney Town Ctr,48.64931,-123.40023
102250,Sunriver Way at Demamiel Dr,48.3934,-123.71366
102251,Beacon Ave W at Hwy 17,48.64903,-123.40868
102252,E Sooke Rd at Sutiacum Rd,48.34238,-123.59614
102253,James White Blvd at Fifth St,48.65017,-123.4006
102254,W Saanich Rd at Ardmore Dr,48.64391,-123.45811
102255,Sooke Rd at Charters Rd,48.38077,-123.71296
102256,W Saanich Rd at Ardmore Dr,48.64362,-123.45792
102257,Galaran Rd at Skylark Lane,48.65091,-123.41233
102258,Sooke Rd at Dover St,48.38042,-123.71378
102259,Fifth St at Henry Ave,48.65278,-123.40019
102260,9700 Blk W Saanich Rd,48.64636,-123.45576
102261,9700 Blk W Saanich Rd,48.64637,-123.45615
102266,Galaran Rd at Henry Ave W,48.65355,-123.41231
102267,McDonald Park Rd at Henry Ave W,48.65306,-123.41694
102268,W Saanich Rd at Willingdon Rd,48.64946,-123.44772
102269,Resthaven Dr at Henry Ave,48.65383,-123.40251
102270,Sooke Rd at Church Rd,48.37922,-123.71777
102271,Church Rd at Sooke Rd,48.37948,-123.71846
102272,Sooke Rd at Goodmere Rd,48.3792,-123.71749
102273,W Saanich Rd at Willingdon Rd,48.64978,-123.44745
102274,Resthaven Dr at Mills Rd,48.65517,-123.40283
102275,Church Rd at Country Rd,48.38193,-123.71996
102276,Mills Rd at Bowerbank Rd,48.65527,-123.40987
102277,Bowerbank Rd at Mills Rd,48.65574,-123.41008
102278,Church Rd at Church Hill Dr,48.38459,-123.72233
102279,Mills Rd W at McDonald Park Rd,48.65541,-123.41656
102280,Resthaven Dr at Malaview Ave,48.65673,-123.40305
102281,1900 Blk Mills Rd,48.65542,-123.41949
102282,Church Rd at Arranwood Dr,48.38672,-123.72368
102283,McDonald Park Rd at Mills Rd,48.65589,-123.41695
102284,Mills Rd at Avenger Way,48.65543,-123.42325
102286,Bowerbank Rd at Malaview Ave,48.65679,-123.41027
102287,Resthaven Dr at Amherst Ave,48.65755,-123.40286
102288,Bowerbank Rd at Malaview Ave,48.65736,-123.41007
102289,Mills Rd at Littlewood Rd,48.65545,-123.43091
102291,Resthaven Dr at Amelia Ave,48.65848,-123.40305
102292,Otter Point Rd at Ayre Rd,48.37852,-123.72453
102293,Otter Point Rd at Eustace Rd,48.37815,-123.72454
102294,Otter Point Rd at Grant Rd W,48.37965,-123.7252
102295,Resthaven Dr at Amelia Ave,48.65902,-123.40288
102296,Sunriver Way at Poplar Dr,48.39434,-123.71452
102297,Helgesen Rd at Cedar Ridge Dr,48.38904,-123.72823
102298,Mills Rd at W Saanich Rd,48.65546,-123.4444
102299,West Coast Rd at Atherly Close,48.37535,-123.72496
102300,McDonald Park Rd at Glamorgan Rd,48.65927,-123.41692
102301,Bowerbank Rd at Calvin Ave,48.65984,-123.41027
102302,Bowerbank Rd at Piercy Ave,48.66025,-123.41003
102303,Resthaven Dr at Ardwell Ave,48.66224,-123.40382
102304,McDonald Park Rd at Hwy 17,48.66114,-123.41693
102305,Bowerbank Rd at Vallis Pl,48.66206,-123.41028
102306,W Saanich Rd at Tapping Rd,48.65893,-123.44708
102307,Ardwell Ave at Resthaven Dr,48.66253,-123.40455
102308,West Coast Rd at Maple Ave S,48.37057,-123.72819
102309,Ardwell Ave at Simister Pl,48.66253,-123.40735
102310,Ardwell Ave at Simister Pl,48.66265,-123.40661
102311,West Coast Rd at Maple Ave S,48.37064,-123.72837
102312,Ardwell Ave at Menagh Pl,48.66253,-123.40947
102313,Helgesen Rd at Otter Point Rd,48.38759,-123.73329
102314,Bowerbank Rd at Ardwell Ave,48.66291,-123.4101
102315,Otter Point Rd at Rhodonite Dr,48.38302,-123.73282
102316,Otter Point Rd at Rhodonite Dr,48.38323,-123.73325
102317,Quartz Dr at Otter Point Rd,48.38425,-123.73373
102318,Sunriver Way at Cedarview Pl,48.39561,-123.71912
102319,Quartz Dr at Gatewood Rd,48.38398,-123.73424
102320,Otter Point Rd at Burr Dr,48.39126,-123.73678
102321,Bowerbank Rd at Colinwood Rd,48.66496,-123.41004
102322,Bowerbank Rd at Colinwood Rd,48.66492,-123.41025
102323,Pyrite Dr at Banner Rd,48.37849,-123.73436
102324,Pyrite Dr at Rhodonite Dr,48.38344,-123.73554
102325,Pyrite Dr at Rhodonite Dr,48.38323,-123.73589
102326,Pyrite Dr at Banner Rd,48.37841,-123.73462
102327,Pyrite Dr at Beaton Rd,48.38155,-123.73566
102328,Dufour Rd at Deerlepe Rd,48.3598,-123.72975
102329,Pyrite Dr at Talc Pl,48.38108,-123.73558
102330,Dufour Rd at Whiffin Spit Rd,48.35748,-123.72839
102331,Grant Rd W at French Rd S,48.37702,-123.73522
102332,6900 Blk West Coast Rd,48.36746,-123.73132
102333,6900 Blk West Coast Rd,48.36703,-123.73303
102334,Resthaven Dr at Shoal Harbour Pier,48.6661,-123.41221
102335,Resthaven Dr at Shoal Harbour Pier,48.66622,-123.41295
102336,Resthaven Dr at McDonald Park Rd,48.66624,-123.41614
102337,Grant Rd W at Guardian Rd,48.37648,-123.73658
102338,McDonald Park Rd at John Rd,48.66666,-123.41706
102339,Grant Rd W at Guardian Rd,48.37643,-123.73723
102341,W Saanich Rd at Wsikem Creek,48.66313,-123.45133
102342,West Coast Rd at Whiffin Spit Rd,48.36594,-123.73675
102343,Royal Bay Exch Bay A,48.40813,-123.48807
102344,West Coast Rd at Whiffin Spit Rd,48.36607,-123.73493
102345,Grant Rd W at Maple Ave S,48.37549,-123.74008
102346,Whiffin Spit Rd at Deerlepe Rd,48.35832,-123.7343
102347,Latoria Blvd at Ryder Hesjedal Way,48.4073,-123.49161
102348,W Saanich Rd at Totem Lane,48.66478,-123.45403
102349,Latoria Blvd at Ryder Hesjedal Way,48.40769,-123.49028
102350,Grant Rd W at Maple Ave S,48.37539,-123.74096
102351,Whiffin Spit Rd at Wright Rd,48.36333,-123.73719
102352,Whiffin Spit Rd at Wright Rd,48.36335,-123.73737
102353,McDonald Park Rd at Blue Heron Rd,48.66956,-123.41764
102354,McDonald Park Rd at Blue Heron Rd,48.66929,-123.41777
102355,Otter Point Rd at Pascoe Rd,48.39671,-123.74636
102356,Grant Rd W at Winfield Dr,48.37444,-123.74372
102357,McDonald Park Rd at Bayfield Rd,48.67122,-123.42136
102358,Grant Rd W at Winfield Dr,48.37441,-123.74428
102359,McDonald Park Rd at Bayfield Rd,48.67148,-123.42168
102360,7100 Blk West Coast Rd,48.36821,-123.74394
102361,Grant Rd W at Henlyn Dr,48.37334,-123.74743
102362,7100 Blk West Coast Rd,48.3674,-123.74297
102363,W Saanich Rd at Towner Park Rd,48.66808,-123.45776
102364,Grant Rd W at Henlyn Dr,48.37354,-123.74721
102365,West Coast Rd at Croce Rd,48.37025,-123.74722
102366,McDonald Park Rd at McMicken Rd,48.6741,-123.42421
102367,West Coast Rd at Croce Rd,48.3701,-123.74729
102368,McDonald Park Rd at Marina Way,48.6743,-123.42405
102369,Grant Rd W at West Coast Rd,48.37263,-123.7499
102370,Otter Point Rd at Sarah Dr,48.39685,-123.75433
102371,West Coast Rd at Ella Rd,48.37195,-123.74967
102372,Grant Rd W at West Coast Rd,48.37267,-123.75027
102373,McDonald Park Rd at Hwy 17,48.67601,-123.42612
102374,Wain Rd at Hwy 17,48.67679,-123.4275
102375,Downey Rd at W Saanich Rd,48.67355,-123.46045
102376,Ocean Ave W at Canora Rd,48.64453,-123.41622
102377,800 Blk Downey Rd,48.67353,-123.46433
102378,Downey Rd at Derrick Rd,48.67352,-123.47057
102379,Ocean Ave W at Canora Rd,48.64442,-123.4159
102380,600 Blk Downey Rd,48.67356,-123.47599
102381,Rocky Point Rd at Taurus Dr,48.36245,-123.56784
102382,Downey Rd at Madrona Dr,48.67357,-123.48023
102383,Wain Rd at W Saanich Rd,48.67703,-123.46083
102384,800 Blk Wain Rd,48.67703,-123.46478
102385,Hwy 17 at Lands End Rd,48.6837,-123.41343
102386,Lands End Rd at Hwy 17,48.68394,-123.41386
102387,Hwy 17 at Lands End Rd,48.6841,-123.41248
102388,Wain Rd at Derrick Rd,48.67701,-123.47108
102389,W Saanich Rd at Birch Rd,48.6792,-123.45768
102390,Rocky Point Rd at Cook Rd,48.36275,-123.56748
102391,Madrona Dr at Cromar Rd,48.67555,-123.4823
102392,Otter Point Rd at Young Lake Rd,48.3961,-123.76795
102393,Rocky Point Rd at Montreul Heights,48.35697,-123.57909
102394,Rocky Point Rd at Galloping Goose Trail,48.35552,-123.58041
102395,600 Blk Wain Rd,48.67705,-123.47571
102396,Wain Rd at Deep Cove Rd,48.67707,-123.47832
102397,Rocky Point Rd at Pedder Bay Dr,48.3516,-123.58209
102398,Rocky Point Rd at Matheson Lake Park Rd,48.35175,-123.58234
102399,W Saanich Rd at Clayton Rd,48.681,-123.45768
102400,Lands End Rd at Woodpecker Pl,48.68565,-123.41672
102401,Madrona Dr at Wain Rd,48.67669,-123.48477
102402,W Saanich Rd at Maple Rd,48.68241,-123.45768
102403,E Sooke Rd at Seedtree Rd,48.35,-123.63717
102404,Swartz Bay Ferry Terminal Bay A,48.68826,-123.41201
102405,Lands End Rd at Greenpark Dr,48.68802,-123.42004
102406,E Sooke Rd at Seedtree Rd,48.35016,-123.63748
102407,E Sooke Rd at Becher Bay Rd,48.34017,-123.63143
102408,E Sooke Rd at Becher Bay Rd,48.33995,-123.63156
102409,Lands End Rd at Elderberry Way,48.69021,-123.42471
102410,E Sooke Rd at Whale View Cres,48.33732,-123.62065
102411,Otter Point Rd at Robinson Rd,48.39407,-123.77793
102412,W Saanich Rd at Tatlow Rd,48.68725,-123.45774
102413,Lands End Rd at Hedgerow Dr,48.69174,-123.42788
102414,E Sooke Rd at Spirit Bay Rd,48.33817,-123.60623
102415,Lands End Rd at Oceanspray Dr,48.69446,-123.43
102416,UVic Exch Bay B,48.46615,-123.30926
102417,UVic Exch Bay C,48.46632,-123.30903
102418,E Sooke Rd at Sutiacum Rd,48.34278,-123.59617
102419,W Saanich Rd at Brickley Close,48.69218,-123.45773
102420,UVic Exch Bay I,48.46601,-123.30864
102422,7000 Blk West Coast Rd,48.36714,-123.78399
102423,Lands End Rd at Howcrest Rd,48.69749,-123.43935
102424,Lands End Rd at Cloake Hill Rd,48.69592,-123.45187
102425,W Saanich Rd at Readings Dr,48.69451,-123.45775
102426,UVic Exch Bay F,48.46609,-123.30907
102428,Lands End Rd at W Saanich Rd,48.69566,-123.45739
102429,Lands End Rd at Seabreeze Rd,48.69728,-123.44708
102430,Rocky Point Rd at Windover Terr,48.36484,-123.55556
102431,1400 Blk Lands End Rd,48.69776,-123.44354
102432,Rocky Point Rd at Windover Terr,48.36508,-123.55553
102433,Bay St at Belmont Ave,48.43434,-123.34009
102434,Tyee Rd at Wilson St,48.43028,-123.37791
102435,Kemp Lake Rd at Milligan Rd,48.38173,-123.79075
102436,Fernwood Rd at Pandora Ave,48.42741,-123.34543
102438,Kemp Lake Rd at Chubb Rd,48.37625,-123.79192
102439,Kemp Lake Rd at Dollar Rd,48.37147,-123.79464
102440,West Coast Rd at Capenter Rd,48.36607,-123.79331
102441,Kemp Lake Rd at West Coast Rd,48.36773,-123.79543
102442,Phipps Rd at Langford Pky,48.44282,-123.50432
102443,Langford Pky at Jacklin Rd,48.44279,-123.50963
102444,Tillicum Centre - Upper Level,48.45388,-123.39464
102445,Langford Pky at Phipps Rd,48.44201,-123.50396
102446,Hastings St at Santa Anita Ave,48.47913,-123.41563
102447,William Head Institution,48.33952,-123.54183
102459,1400 Blk Gillespie Rd,48.37697,-123.6296
102467,Legislature Exch (Belleville St) Bay G,48.4206,-123.3681
102469,Hwy 17 at Mt Newton X Rd,48.59396,-123.39851
102474,Hwy 17 at Mt Newton X Rd,48.59302,-123.39854
102477,Lochside Dr at Hackett Cres,48.59694,-123.39475
102482,Royal Oak Exch Bay A,48.49808,-123.38898
102489,Royal Oak Exch Bay B,48.49849,-123.3887
102490,Royal Oak Exch Bay C,48.49903,-123.38883
102495,Royal Oak Exch Bay D,48.49923,-123.38873
102510,Royal Oak Exch Bay F,48.49893,-123.38749
102511,Royal Oak Exch Bay B,48.49865,-123.38854
102512,Veterans Memorial Pky at Allandale Rd,48.42763,-123.5018
102513,Burnside Rd W at Watkiss Way,48.46463,-123.4465
102524,Saanichton Exch Bay C,48.59414,-123.4164
102527,Saanichton Exch Bay D,48.59424,-123.41632
102530,Goldstream Ave at Lakeshore Pl,48.45411,-123.53175
102537,Admirals Rd at Craigflower Rd,48.45012,-123.42542
102538,Swartz Bay Ferry Terminal Bay C,48.68769,-123.41226
102544,Metchosin Rd at Latoria Blvd,48.40734,-123.48625
102546,Metchosin Rd at Latoria Blvd,48.40843,-123.48563
102549,Sooke Rd at Gillespie Rd,48.39609,-123.62639
102551,Sooke Rd at Gillespie Rd,48.39606,-123.62566
102552,Gillespie Rd at Sooke Rd,48.39598,-123.62714
102566,Admirals Rd at Lekwammen Dr,48.446,-123.42683
102568,Sooke Rd at Glinz Lake Rd,48.39435,-123.63583
102570,Gorge Rd W at Colquitz Ave,48.45155,-123.41591
102571,Gorge Rd W at Gorge View Dr,48.44903,-123.40488
102573,Fort St at Fernwood Rd,48.42364,-123.34529
102574,McCallum Rd at Costco,48.45925,-123.50214
102575,McCallum Rd at Affirmed Pl,48.45751,-123.50538
102577,McCallum Rd at Affirmed Pl,48.45804,-123.5054
102579,McCallum Rd at Florence Lake Rd,48.4544,-123.50791
102580,McCallum Rd at Florence Lake Rd,48.45425,-123.50783
102581,Bear Mountain Pky at Flint Ave,48.45964,-123.51739
102582,Bear Mountain Pky at Flint Ave,48.45958,-123.51759
102583,Bear Mountain Pky at Marble Pl,48.45874,-123.5235
102584,Bear Mountain Pky at Alabaster Court,48.45881,-123.52433
102585,Bear Mountain Pky at Skirt Mountain,48.46289,-123.53411
102586,Bear Mountain Pky at Skirt Mountain,48.46032,-123.53038
102587,Bear Mountain Pky at Pinehurst Terr,48.46476,-123.53599
102588,Bear Mountain Pky at Pinehurst Terr,48.46471,-123.53632
102590,Bear Mountain Pky at Riviera Pl,48.46856,-123.53776
102593,Bear Mountain Pky at Riviera Pl,48.46859,-123.53808
102595,Bear Mountain Pky at Pebble Dr,48.4738,-123.53649
102597,Bear Mountain Pky at Pebble Dr,48.47412,-123.53646
102598,Bear Mountain Pky at Country Club Way,48.47557,-123.53215
102601,Latoria Rd at Veterans Memorial Pky,48.40798,-123.50813
103724,Bay St at Wilson St,48.43312,-123.38183
103726,Bay St at Douglas St,48.43557,-123.36401
103727,Bay St at Blanshard St,48.43542,-123.36144
103728,Bay St at Blanshard St,48.43557,-123.36145
103729,Bay St at Quadra St,48.43533,-123.35749
103730,Bay St at Quadra St,48.43517,-123.35678
103733,Bay St at Cedar Hill Rd,48.43477,-123.34809
103734,Bay St at Cedar Hill Rd,48.43459,-123.34734
103735,Bay St at Fernwood Rd,48.43439,-123.34387
103736,Bay St at Fernwood Rd,48.43451,-123.34404
103738,Bay St at Forbes St,48.4341,-123.33787
103739,Bay St at Shakespeare St,48.43409,-123.33543
103740,Bay St at Shelbourne St,48.43392,-123.33465
103741,Royal Jubilee Hospital,48.43368,-123.32788
104082,Leigh Rd at Goldstream Ave,48.45052,-123.5179
104083,Leigh Rd at Hwy 1,48.45414,-123.51913
104084,Leigh Rd at Hwy 1,48.45286,-123.5189
104085,Hwy 1 at Leigh Rd,48.45556,-123.52022
104086,McCallum Rd at Shell Gas Station,48.45322,-123.51096
104087,Wishart Rd at Allandale Rd,48.42468,-123.49165
104088,Wishart Rd at Tipton Rd,48.42206,-123.49318
104089,Wishart Rd at Stornoway Dr,48.41924,-123.49536
104090,Wishart Rd at Rockwood Terr,48.41553,-123.49543
104091,Wishart Rd at Gurunank Lane,48.412,-123.49864
104092,Wishart Rd at Bunker Rd,48.40885,-123.50044
104093,Latoria Rd at Bezanton Way,48.40719,-123.50427
104094,Desmond Dr at Latoria Rd,48.4118,-123.51657
104095,Desmond Dr at Wendey Dr,48.41337,-123.51499
104096,Sunheights Dr at Columbus Pl,48.41736,-123.51553
104097,Sunheights Dr at Batting Pl,48.41892,-123.5145
104098,Sunheights Dr at Blue Sky Pl,48.42002,-123.51211
104099,Fulton Rd at Karger Terr,48.42124,-123.50852
104100,Bexhill Rd at Bexhill Pl,48.4237,-123.51074
104101,Cuaulta Cres at Zapata Pl,48.42682,-123.51121
104102,Walfred Rd at West Oak Pl,48.42756,-123.51403
104103,Jacklin Rd at Walfred Rd,48.43032,-123.51745
104104,Jacklin Rd at Sooke Rd,48.43294,-123.51574
104105,McKenzie Ave at Vikes Way,48.46882,-123.31224
104106,McCallum Rd at Savory Rd,48.455,-123.51513
104107,McCallum Rd at Savory Rd,48.45497,-123.51537
104108,Royal Roads University Loop,48.43748,-123.47554
104109,800 Blk Cuaulta Cres,48.42558,-123.50956
104110,Admirals Rd at Westing Rd,48.4563,-123.41382
104111,Fairfield Rd at Blanshard St,48.42175,-123.36414
104112,Millstream Rd at Treanor Ave,48.46385,-123.49971
930000,Langford Transit Centre,48.4447,-123.51974
900000,Victoria Transit Centre,48.44076,-123.37051
100000,UVic Exch Bay D,48.46645,-123.30886
101869,William Head Rd at Lombard Dr,48.36506,-123.54355
101858,William Head Rd at Taylor Rd,48.36895,-123.53956
101818,4500 Blk William Head Rd,48.37492,-123.53381
101811,William Head Rd at Parry Rd,48.37697,-123.53259
102161,Forest Park Dr at Cresswell Dr,48.62554,-123.42698
100143,Johnson St at Cook St,48.42583,-123.35275
102611,Victoria General Hospital,48.46622,-123.435
102612,Camosun Interurban Loop,48.49057,-123.41863
102614,Happy Valley Rd at Latoria Rd,48.41766,-123.53323
102613,Happy Valley Rd at Latoria Rd,48.41726,-123.53303
102609,Cedar Hill X Rd at Davis Crt,48.46758,-123.35139
102617,Fernwood Rd at Vining St,48.42961,-123.34533
102608,Richmond Rd at Waterloo Rd,48.451,-123.32579
102606,Richmond Rd at McRae Ave,48.45078,-123.32587
102602,Shelbourne St at Cedar Ave,48.45576,-123.33296
102615,Mills Rd at Pleasant St,48.65531,-123.4059
102616,Mills Rd at Pleasant St,48.65539,-123.40567
102630,Hillside Ave at Blanshard St,48.43885,-123.36426
102625,Gorge Rd E at Carroll St,48.44329,-123.384
102623,Gorge Rd E at Harriet Rd,48.44373,-123.38848
102624,Gorge Rd E at Irma St,48.44352,-123.38727
102626,Gorge Rd E at Carroll St,48.44312,-123.38332
102618,Gorge Rd E at Jutland Rd,48.44239,-123.37799
100705,UVic Exch Bay N,48.46614,-123.30822
102643,Shelbourne St at Cedar Ave,48.45638,-123.33315
102633,Gorge Rd W at Admirals Rd,48.45306,-123.41918
102637,2100 Blk Bear Mountain Pky,48.46129,-123.52706
102641,Bear Mountain Pky at Selenite Pl,48.46157,-123.53191
102638,2100 Blk Bear Mountain Pky,48.46115,-123.52696
102649,Majestic Dr at Hawthorne St,48.48759,-123.33159
102644,Pandora Ave at Cook St,48.42731,-123.35488
102646,Bear Mountain Pky at Selenite Pl,48.46229,-123.5336
102654,Island Hwy at Stormont Rd,48.45372,-123.43714
102663,Sooke Lake Rd at Mount Wells Dr,48.45998,-123.54987
102655,2200 Blk Otter Point Rd,48.38131,-123.73029
102670,McKenzie Ave at Shelbourne St West Side,48.46875,-123.33455
102657,Metchosin Rd at Ryder Hesjedal Way,48.40334,-123.48797
102658,Metchosin Rd at Ryder Hesjedal Way,48.40301,-123.48842
900001,Victoria Transit Centre,48.4402,-123.37192
102688,Cedar Hill Rd at Cedar Hill X Rd,48.46235,-123.33713
930002,Langford Transit Centre,48.44462,-123.51818
102635,Swartz Bay Ferry Terminal Bay D,48.68752,-123.41227
102702,Cadboro Bay Rd at Penrhyn St,48.46164,-123.29642
102707,Cadboro Bay Rd at Penrhyn St,48.46157,-123.29626
100560,Westhills Exch Bay D,48.44549,-123.53148
102650,Saanichton Exch Bay B,48.59367,-123.41707
100660,Westhills Exch Bay C,48.44558,-123.53167
102693,Douglas St at Carey Rd,48.45454,-123.37696
102694,Hwy 1 at Carey Rd,48.45528,-123.37787
102696,Admirals Rd at Glentana Rd,48.44942,-123.42615
102709,Sooke Rd at Townsend Rd - Sooke Town Ctr,48.37844,-123.72243
102695,Ravine Way at Vernon Ave,48.45785,-123.37591
102652,Saanichton Exch Bay A,48.59357,-123.4169
102674,Helgesen Rd at Otter Point Rd,48.3876,-123.73285
102675,Helgesen Rd at Cedar Ridge Dr,48.38904,-123.72764
102684,Church Rd at Acreman Pl,48.38622,-123.7236
102697,Admirals Rd at Arundel Dr,48.4578,-123.41083
102700,Admirals Rd at Hwy 1,48.45919,-123.40585
100889,UVic Exch Bay Q,48.46606,-123.30809
102178,McKenzie Ave at Hwy 1,48.46023,-123.40455
102699,Admirals Rd at Hwy 1,48.45907,-123.40673
102698,Admirals Rd at Arundel Dr,48.45769,-123.41141
102720,Peatt Rd at Goldstream Ave,48.44987,-123.50027
102701,Happy Valley Rd at Dicker Rd,48.41492,-123.53325
102719,Douglas St at View St,48.42559,-123.36516
102710,Douglas St at Johnson St,48.42669,-123.36468
102722,Hwy 1 at Tillicum Rd,48.45843,-123.39353
102721,Hwy 1 at Helmcken Rd,48.46446,-123.43038
102745,Latoria Rd at Klahanie Dr,48.41361,-123.5218
102735,Latoria Rd at Klahanie Dr,48.41372,-123.52177
102727,Latoria Rd at Triangle Trail,48.41471,-123.52586
102726,Hansen Ave at Bellamy Rd,48.46354,-123.49231
102725,Hansen Ave at Sunkist Close,48.46412,-123.48961
102724,Hansen Ave at Phelps Ave,48.46386,-123.4862
102723,Constellation Ave at Meridian Ave,48.4469,-123.54127
101111,Hospital Loop Waypoint,48.46605,-123.43353
102746,Sooke Rd at Chidlow Connector,48.42956,-123.53819
102756,Quadra St at Topaz Ave,48.44225,-123.36006
102752,Quadra St at Fisgard St,48.42875,-123.35899
102765,Birch Rd at W Saanich Rd,48.67895,-123.45846
102871,Glanford Ave at Kenneth St,48.46965,-123.3889
102778,Sooke Rd at Jacklin Rd,48.43353,-123.5137
101237,Colwood Exch Bay B,48.445,-123.46634
